Schooljaar,Niveau regio,Regio,Soort hoger onderwijs,Opleidingssector,Aantal
2018/2019,Gemeente,Alkmaar,HBO,Economie,829.0
2018/2019,Gemeente,Alkmaar,HBO,Gedrag en maatschappij,362.0
2018/2019,Gemeente,Alkmaar,HBO,Gezondheidszorg,238.0
2018/2019,Gemeente,Alkmaar,HBO,Landbouw en natuurlijke omgeving,39.0
2018/2019,Gemeente,Alkmaar,HBO,Onderwijs,361.0
2018/2019,Gemeente,Alkmaar,HBO,Taal en cultuur,36.0
2018/2019,Gemeente,Alkmaar,HBO,Techniek,438.0
2018/2019,Gemeente,Alkmaar,HBO,Totaal energietransitie,438.0
2018/2019,Gemeente,Alkmaar,WO,Economie,81.0
2018/2019,Gemeente,Alkmaar,WO,Gedrag en maatschappij,167.0
2018/2019,Gemeente,Alkmaar,WO,Gezondheidszorg,101.0
2018/2019,Gemeente,Alkmaar,WO,Landbouw en natuurlijke omgeving,18.0
2018/2019,Gemeente,Alkmaar,WO,Natuur,111.0
2018/2019,Gemeente,Alkmaar,WO,Onderwijs,9.0
2018/2019,Gemeente,Alkmaar,WO,Recht,100.0
2018/2019,Gemeente,Alkmaar,WO,Sectoroverstijgend,21.0
2018/2019,Gemeente,Alkmaar,WO,Taal en cultuur,97.0
2018/2019,Gemeente,Alkmaar,WO,Techniek,56.0
2018/2019,Gemeente,Alkmaar,WO,Totaal energietransitie,167.0
2018/2019,Gemeente,Bergen (NH.),HBO,Economie,209.0
2018/2019,Gemeente,Bergen (NH.),HBO,Gedrag en maatschappij,56.0
2018/2019,Gemeente,Bergen (NH.),HBO,Gezondheidszorg,37.0
2018/2019,Gemeente,Bergen (NH.),HBO,Landbouw en natuurlijke omgeving,11.0
2018/2019,Gemeente,Bergen (NH.),HBO,Onderwijs,69.0
2018/2019,Gemeente,Bergen (NH.),HBO,Taal en cultuur,11.0
2018/2019,Gemeente,Bergen (NH.),HBO,Techniek,118.0
2018/2019,Gemeente,Bergen (NH.),HBO,Totaal energietransitie,118.0
2018/2019,Gemeente,Bergen (NH.),WO,Economie,52.0
2018/2019,Gemeente,Bergen (NH.),WO,Gedrag en maatschappij,50.0
2018/2019,Gemeente,Bergen (NH.),WO,Gezondheidszorg,31.0
2018/2019,Gemeente,Bergen (NH.),WO,Landbouw en natuurlijke omgeving,2.0
2018/2019,Gemeente,Bergen (NH.),WO,Natuur,43.0
2018/2019,Gemeente,Bergen (NH.),WO,Onderwijs,1.0
2018/2019,Gemeente,Bergen (NH.),WO,Recht,32.0
2018/2019,Gemeente,Bergen (NH.),WO,Sectoroverstijgend,14.0
2018/2019,Gemeente,Bergen (NH.),WO,Taal en cultuur,41.0
2018/2019,Gemeente,Bergen (NH.),WO,Techniek,15.0
2018/2019,Gemeente,Bergen (NH.),WO,Totaal energietransitie,58.0
2018/2019,Gemeente,Castricum,HBO,Economie,335.0
2018/2019,Gemeente,Castricum,HBO,Gedrag en maatschappij,94.0
2018/2019,Gemeente,Castricum,HBO,Gezondheidszorg,98.0
2018/2019,Gemeente,Castricum,HBO,Landbouw en natuurlijke omgeving,15.0
2018/2019,Gemeente,Castricum,HBO,Onderwijs,135.0
2018/2019,Gemeente,Castricum,HBO,Taal en cultuur,17.0
2018/2019,Gemeente,Castricum,HBO,Techniek,232.0
2018/2019,Gemeente,Castricum,HBO,Totaal energietransitie,232.0
2018/2019,Gemeente,Castricum,WO,Economie,56.0
2018/2019,Gemeente,Castricum,WO,Gedrag en maatschappij,69.0
2018/2019,Gemeente,Castricum,WO,Gezondheidszorg,70.0
2018/2019,Gemeente,Castricum,WO,Landbouw en natuurlijke omgeving,11.0
2018/2019,Gemeente,Castricum,WO,Natuur,64.0
2018/2019,Gemeente,Castricum,WO,Recht,38.0
2018/2019,Gemeente,Castricum,WO,Sectoroverstijgend,19.0
2018/2019,Gemeente,Castricum,WO,Taal en cultuur,40.0
2018/2019,Gemeente,Castricum,WO,Techniek,32.0
2018/2019,Gemeente,Castricum,WO,Totaal energietransitie,96.0
2018/2019,Gemeente,Den Helder,HBO,Economie,238.0
2018/2019,Gemeente,Den Helder,HBO,Gedrag en maatschappij,128.0
2018/2019,Gemeente,Den Helder,HBO,Gezondheidszorg,96.0
2018/2019,Gemeente,Den Helder,HBO,Landbouw en natuurlijke omgeving,14.0
2018/2019,Gemeente,Den Helder,HBO,Onderwijs,148.0
2018/2019,Gemeente,Den Helder,HBO,Taal en cultuur,6.0
2018/2019,Gemeente,Den Helder,HBO,Techniek,178.0
2018/2019,Gemeente,Den Helder,HBO,Totaal energietransitie,178.0
2018/2019,Gemeente,Den Helder,WO,Economie,19.0
2018/2019,Gemeente,Den Helder,WO,Gedrag en maatschappij,33.0
2018/2019,Gemeente,Den Helder,WO,Gezondheidszorg,18.0
2018/2019,Gemeente,Den Helder,WO,Landbouw en natuurlijke omgeving,5.0
2018/2019,Gemeente,Den Helder,WO,Natuur,19.0
2018/2019,Gemeente,Den Helder,WO,Onderwijs,1.0
2018/2019,Gemeente,Den Helder,WO,Recht,17.0
2018/2019,Gemeente,Den Helder,WO,Sectoroverstijgend,2.0
2018/2019,Gemeente,Den Helder,WO,Taal en cultuur,26.0
2018/2019,Gemeente,Den Helder,WO,Techniek,7.0
2018/2019,Gemeente,Den Helder,WO,Totaal energietransitie,26.0
2018/2019,Gemeente,Drechterland,HBO,Economie,124.0
2018/2019,Gemeente,Drechterland,HBO,Gedrag en maatschappij,42.0
2018/2019,Gemeente,Drechterland,HBO,Gezondheidszorg,43.0
2018/2019,Gemeente,Drechterland,HBO,Landbouw en natuurlijke omgeving,22.0
2018/2019,Gemeente,Drechterland,HBO,Onderwijs,62.0
2018/2019,Gemeente,Drechterland,HBO,Taal en cultuur,2.0
2018/2019,Gemeente,Drechterland,HBO,Techniek,93.0
2018/2019,Gemeente,Drechterland,HBO,Totaal energietransitie,93.0
2018/2019,Gemeente,Drechterland,WO,Economie,19.0
2018/2019,Gemeente,Drechterland,WO,Gedrag en maatschappij,20.0
2018/2019,Gemeente,Drechterland,WO,Gezondheidszorg,15.0
2018/2019,Gemeente,Drechterland,WO,Landbouw en natuurlijke omgeving,5.0
2018/2019,Gemeente,Drechterland,WO,Natuur,22.0
2018/2019,Gemeente,Drechterland,WO,Onderwijs,1.0
2018/2019,Gemeente,Drechterland,WO,Recht,11.0
2018/2019,Gemeente,Drechterland,WO,Sectoroverstijgend,2.0
2018/2019,Gemeente,Drechterland,WO,Taal en cultuur,13.0
2018/2019,Gemeente,Drechterland,WO,Techniek,10.0
2018/2019,Gemeente,Drechterland,WO,Totaal energietransitie,32.0
2018/2019,Gemeente,Enkhuizen,HBO,Economie,92.0
2018/2019,Gemeente,Enkhuizen,HBO,Gedrag en maatschappij,41.0
2018/2019,Gemeente,Enkhuizen,HBO,Gezondheidszorg,36.0
2018/2019,Gemeente,Enkhuizen,HBO,Landbouw en natuurlijke omgeving,9.0
2018/2019,Gemeente,Enkhuizen,HBO,Onderwijs,65.0
2018/2019,Gemeente,Enkhuizen,HBO,Taal en cultuur,2.0
2018/2019,Gemeente,Enkhuizen,HBO,Techniek,56.0
2018/2019,Gemeente,Enkhuizen,HBO,Totaal energietransitie,56.0
2018/2019,Gemeente,Enkhuizen,WO,Economie,14.0
2018/2019,Gemeente,Enkhuizen,WO,Gedrag en maatschappij,22.0
2018/2019,Gemeente,Enkhuizen,WO,Gezondheidszorg,12.0
2018/2019,Gemeente,Enkhuizen,WO,Landbouw en natuurlijke omgeving,6.0
2018/2019,Gemeente,Enkhuizen,WO,Natuur,16.0
2018/2019,Gemeente,Enkhuizen,WO,Recht,5.0
2018/2019,Gemeente,Enkhuizen,WO,Taal en cultuur,5.0
2018/2019,Gemeente,Enkhuizen,WO,Techniek,3.0
2018/2019,Gemeente,Enkhuizen,WO,Totaal energietransitie,19.0
2018/2019,Gemeente,Heiloo,HBO,Economie,187.0
2018/2019,Gemeente,Heiloo,HBO,Gedrag en maatschappij,62.0
2018/2019,Gemeente,Heiloo,HBO,Gezondheidszorg,62.0
2018/2019,Gemeente,Heiloo,HBO,Landbouw en natuurlijke omgeving,6.0
2018/2019,Gemeente,Heiloo,HBO,Onderwijs,95.0
2018/2019,Gemeente,Heiloo,HBO,Taal en cultuur,7.0
2018/2019,Gemeente,Heiloo,HBO,Techniek,120.0
2018/2019,Gemeente,Heiloo,HBO,Totaal energietransitie,120.0
2018/2019,Gemeente,Heiloo,WO,Economie,52.0
2018/2019,Gemeente,Heiloo,WO,Gedrag en maatschappij,45.0
2018/2019,Gemeente,Heiloo,WO,Gezondheidszorg,29.0
2018/2019,Gemeente,Heiloo,WO,Landbouw en natuurlijke omgeving,4.0
2018/2019,Gemeente,Heiloo,WO,Natuur,38.0
2018/2019,Gemeente,Heiloo,WO,Onderwijs,6.0
2018/2019,Gemeente,Heiloo,WO,Recht,19.0
2018/2019,Gemeente,Heiloo,WO,Sectoroverstijgend,2.0
2018/2019,Gemeente,Heiloo,WO,Taal en cultuur,33.0
2018/2019,Gemeente,Heiloo,WO,Techniek,22.0
2018/2019,Gemeente,Heiloo,WO,Totaal energietransitie,60.0
2018/2019,Gemeente,Hollands Kroon,HBO,Economie,282.0
2018/2019,Gemeente,Hollands Kroon,HBO,Gedrag en maatschappij,90.0
2018/2019,Gemeente,Hollands Kroon,HBO,Gezondheidszorg,81.0
2018/2019,Gemeente,Hollands Kroon,HBO,Landbouw en natuurlijke omgeving,85.0
2018/2019,Gemeente,Hollands Kroon,HBO,Onderwijs,137.0
2018/2019,Gemeente,Hollands Kroon,HBO,Taal en cultuur,10.0
2018/2019,Gemeente,Hollands Kroon,HBO,Techniek,210.0
2018/2019,Gemeente,Hollands Kroon,HBO,Totaal energietransitie,210.0
2018/2019,Gemeente,Hollands Kroon,WO,Economie,20.0
2018/2019,Gemeente,Hollands Kroon,WO,Gedrag en maatschappij,41.0
2018/2019,Gemeente,Hollands Kroon,WO,Gezondheidszorg,14.0
2018/2019,Gemeente,Hollands Kroon,WO,Landbouw en natuurlijke omgeving,4.0
2018/2019,Gemeente,Hollands Kroon,WO,Natuur,26.0
2018/2019,Gemeente,Hollands Kroon,WO,Onderwijs,1.0
2018/2019,Gemeente,Hollands Kroon,WO,Recht,15.0
2018/2019,Gemeente,Hollands Kroon,WO,Sectoroverstijgend,3.0
2018/2019,Gemeente,Hollands Kroon,WO,Taal en cultuur,22.0
2018/2019,Gemeente,Hollands Kroon,WO,Techniek,17.0
2018/2019,Gemeente,Hollands Kroon,WO,Totaal energietransitie,43.0
2018/2019,Gemeente,Hoorn,HBO,Economie,550.0
2018/2019,Gemeente,Hoorn,HBO,Gedrag en maatschappij,195.0
2018/2019,Gemeente,Hoorn,HBO,Gezondheidszorg,145.0
2018/2019,Gemeente,Hoorn,HBO,Landbouw en natuurlijke omgeving,28.0
2018/2019,Gemeente,Hoorn,HBO,Onderwijs,251.0
2018/2019,Gemeente,Hoorn,HBO,Taal en cultuur,27.0
2018/2019,Gemeente,Hoorn,HBO,Techniek,279.0
2018/2019,Gemeente,Hoorn,HBO,Totaal energietransitie,279.0
2018/2019,Gemeente,Hoorn,WO,Economie,67.0
2018/2019,Gemeente,Hoorn,WO,Gedrag en maatschappij,117.0
2018/2019,Gemeente,Hoorn,WO,Gezondheidszorg,70.0
2018/2019,Gemeente,Hoorn,WO,Landbouw en natuurlijke omgeving,11.0
2018/2019,Gemeente,Hoorn,WO,Natuur,91.0
2018/2019,Gemeente,Hoorn,WO,Onderwijs,4.0
2018/2019,Gemeente,Hoorn,WO,Recht,78.0
2018/2019,Gemeente,Hoorn,WO,Sectoroverstijgend,7.0
2018/2019,Gemeente,Hoorn,WO,Taal en cultuur,69.0
2018/2019,Gemeente,Hoorn,WO,Techniek,26.0
2018/2019,Gemeente,Hoorn,WO,Totaal energietransitie,117.0
2018/2019,Gemeente,Koggenland,HBO,Economie,190.0
2018/2019,Gemeente,Koggenland,HBO,Gedrag en maatschappij,49.0
2018/2019,Gemeente,Koggenland,HBO,Gezondheidszorg,62.0
2018/2019,Gemeente,Koggenland,HBO,Landbouw en natuurlijke omgeving,19.0
2018/2019,Gemeente,Koggenland,HBO,Onderwijs,63.0
2018/2019,Gemeente,Koggenland,HBO,Taal en cultuur,7.0
2018/2019,Gemeente,Koggenland,HBO,Techniek,140.0
2018/2019,Gemeente,Koggenland,HBO,Totaal energietransitie,140.0
2018/2019,Gemeente,Koggenland,WO,Economie,15.0
2018/2019,Gemeente,Koggenland,WO,Gedrag en maatschappij,26.0
2018/2019,Gemeente,Koggenland,WO,Gezondheidszorg,10.0
2018/2019,Gemeente,Koggenland,WO,Landbouw en natuurlijke omgeving,3.0
2018/2019,Gemeente,Koggenland,WO,Natuur,27.0
2018/2019,Gemeente,Koggenland,WO,Onderwijs,1.0
2018/2019,Gemeente,Koggenland,WO,Recht,12.0
2018/2019,Gemeente,Koggenland,WO,Sectoroverstijgend,2.0
2018/2019,Gemeente,Koggenland,WO,Taal en cultuur,10.0
2018/2019,Gemeente,Koggenland,WO,Techniek,9.0
2018/2019,Gemeente,Koggenland,WO,Totaal energietransitie,36.0
2018/2019,Gemeente,Medemblik,HBO,Economie,292.0
2018/2019,Gemeente,Medemblik,HBO,Gedrag en maatschappij,89.0
2018/2019,Gemeente,Medemblik,HBO,Gezondheidszorg,89.0
2018/2019,Gemeente,Medemblik,HBO,Landbouw en natuurlijke omgeving,53.0
2018/2019,Gemeente,Medemblik,HBO,Onderwijs,143.0
2018/2019,Gemeente,Medemblik,HBO,Taal en cultuur,13.0
2018/2019,Gemeente,Medemblik,HBO,Techniek,212.0
2018/2019,Gemeente,Medemblik,HBO,Totaal energietransitie,212.0
2018/2019,Gemeente,Medemblik,WO,Economie,35.0
2018/2019,Gemeente,Medemblik,WO,Gedrag en maatschappij,45.0
2018/2019,Gemeente,Medemblik,WO,Gezondheidszorg,31.0
2018/2019,Gemeente,Medemblik,WO,Landbouw en natuurlijke omgeving,5.0
2018/2019,Gemeente,Medemblik,WO,Natuur,50.0
2018/2019,Gemeente,Medemblik,WO,Onderwijs,3.0
2018/2019,Gemeente,Medemblik,WO,Recht,29.0
2018/2019,Gemeente,Medemblik,WO,Sectoroverstijgend,6.0
2018/2019,Gemeente,Medemblik,WO,Taal en cultuur,26.0
2018/2019,Gemeente,Medemblik,WO,Techniek,12.0
2018/2019,Gemeente,Medemblik,WO,Totaal energietransitie,62.0
2018/2019,Gemeente,Opmeer,HBO,Economie,102.0
2018/2019,Gemeente,Opmeer,HBO,Gedrag en maatschappij,38.0
2018/2019,Gemeente,Opmeer,HBO,Gezondheidszorg,29.0
2018/2019,Gemeente,Opmeer,HBO,Landbouw en natuurlijke omgeving,15.0
2018/2019,Gemeente,Opmeer,HBO,Onderwijs,33.0
2018/2019,Gemeente,Opmeer,HBO,Taal en cultuur,4.0
2018/2019,Gemeente,Opmeer,HBO,Techniek,65.0
2018/2019,Gemeente,Opmeer,HBO,Totaal energietransitie,65.0
2018/2019,Gemeente,Opmeer,WO,Economie,9.0
2018/2019,Gemeente,Opmeer,WO,Gedrag en maatschappij,21.0
2018/2019,Gemeente,Opmeer,WO,Gezondheidszorg,8.0
2018/2019,Gemeente,Opmeer,WO,Landbouw en natuurlijke omgeving,1.0
2018/2019,Gemeente,Opmeer,WO,Natuur,16.0
2018/2019,Gemeente,Opmeer,WO,Recht,7.0
2018/2019,Gemeente,Opmeer,WO,Sectoroverstijgend,2.0
2018/2019,Gemeente,Opmeer,WO,Taal en cultuur,7.0
2018/2019,Gemeente,Opmeer,WO,Techniek,3.0
2018/2019,Gemeente,Opmeer,WO,Totaal energietransitie,19.0
2018/2019,Gemeente,Schagen,HBO,Economie,343.0
2018/2019,Gemeente,Schagen,HBO,Gedrag en maatschappij,106.0
2018/2019,Gemeente,Schagen,HBO,Gezondheidszorg,90.0
2018/2019,Gemeente,Schagen,HBO,Landbouw en natuurlijke omgeving,49.0
2018/2019,Gemeente,Schagen,HBO,Onderwijs,137.0
2018/2019,Gemeente,Schagen,HBO,Taal en cultuur,11.0
2018/2019,Gemeente,Schagen,HBO,Techniek,208.0
2018/2019,Gemeente,Schagen,HBO,Totaal energietransitie,208.0
2018/2019,Gemeente,Schagen,WO,Economie,27.0
2018/2019,Gemeente,Schagen,WO,Gedrag en maatschappij,46.0
2018/2019,Gemeente,Schagen,WO,Gezondheidszorg,30.0
2018/2019,Gemeente,Schagen,WO,Landbouw en natuurlijke omgeving,14.0
2018/2019,Gemeente,Schagen,WO,Natuur,37.0
2018/2019,Gemeente,Schagen,WO,Onderwijs,2.0
2018/2019,Gemeente,Schagen,WO,Recht,13.0
2018/2019,Gemeente,Schagen,WO,Sectoroverstijgend,4.0
2018/2019,Gemeente,Schagen,WO,Taal en cultuur,36.0
2018/2019,Gemeente,Schagen,WO,Techniek,16.0
2018/2019,Gemeente,Schagen,WO,Totaal energietransitie,53.0
2018/2019,Gemeente,Stede Broec,HBO,Economie,143.0
2018/2019,Gemeente,Stede Broec,HBO,Gedrag en maatschappij,44.0
2018/2019,Gemeente,Stede Broec,HBO,Gezondheidszorg,59.0
2018/2019,Gemeente,Stede Broec,HBO,Landbouw en natuurlijke omgeving,16.0
2018/2019,Gemeente,Stede Broec,HBO,Onderwijs,58.0
2018/2019,Gemeente,Stede Broec,HBO,Taal en cultuur,5.0
2018/2019,Gemeente,Stede Broec,HBO,Techniek,87.0
2018/2019,Gemeente,Stede Broec,HBO,Totaal energietransitie,87.0
2018/2019,Gemeente,Stede Broec,WO,Economie,19.0
2018/2019,Gemeente,Stede Broec,WO,Gedrag en maatschappij,20.0
2018/2019,Gemeente,Stede Broec,WO,Gezondheidszorg,21.0
2018/2019,Gemeente,Stede Broec,WO,Landbouw en natuurlijke omgeving,3.0
2018/2019,Gemeente,Stede Broec,WO,Natuur,28.0
2018/2019,Gemeente,Stede Broec,WO,Onderwijs,3.0
2018/2019,Gemeente,Stede Broec,WO,Recht,11.0
2018/2019,Gemeente,Stede Broec,WO,Sectoroverstijgend,3.0
2018/2019,Gemeente,Stede Broec,WO,Taal en cultuur,12.0
2018/2019,Gemeente,Stede Broec,WO,Techniek,2.0
2018/2019,Gemeente,Stede Broec,WO,Totaal energietransitie,30.0
2018/2019,Gemeente,Texel,HBO,Economie,50.0
2018/2019,Gemeente,Texel,HBO,Gedrag en maatschappij,7.0
2018/2019,Gemeente,Texel,HBO,Gezondheidszorg,14.0
2018/2019,Gemeente,Texel,HBO,Landbouw en natuurlijke omgeving,6.0
2018/2019,Gemeente,Texel,HBO,Onderwijs,27.0
2018/2019,Gemeente,Texel,HBO,Taal en cultuur,3.0
2018/2019,Gemeente,Texel,HBO,Techniek,27.0
2018/2019,Gemeente,Texel,HBO,Totaal energietransitie,27.0
2018/2019,Gemeente,Texel,WO,Economie,9.0
2018/2019,Gemeente,Texel,WO,Gedrag en maatschappij,13.0
2018/2019,Gemeente,Texel,WO,Gezondheidszorg,2.0
2018/2019,Gemeente,Texel,WO,Landbouw en natuurlijke omgeving,6.0
2018/2019,Gemeente,Texel,WO,Natuur,13.0
2018/2019,Gemeente,Texel,WO,Onderwijs,1.0
2018/2019,Gemeente,Texel,WO,Recht,5.0
2018/2019,Gemeente,Texel,WO,Sectoroverstijgend,2.0
2018/2019,Gemeente,Texel,WO,Taal en cultuur,4.0
2018/2019,Gemeente,Texel,WO,Techniek,1.0
2018/2019,Gemeente,Texel,WO,Totaal energietransitie,14.0
2018/2019,Gemeente,Uitgeest,HBO,Economie,116.0
2018/2019,Gemeente,Uitgeest,HBO,Gedrag en maatschappij,51.0
2018/2019,Gemeente,Uitgeest,HBO,Gezondheidszorg,42.0
2018/2019,Gemeente,Uitgeest,HBO,Landbouw en natuurlijke omgeving,7.0
2018/2019,Gemeente,Uitgeest,HBO,Onderwijs,41.0
2018/2019,Gemeente,Uitgeest,HBO,Taal en cultuur,4.0
2018/2019,Gemeente,Uitgeest,HBO,Techniek,82.0
2018/2019,Gemeente,Uitgeest,HBO,Totaal energietransitie,82.0
2018/2019,Gemeente,Uitgeest,WO,Economie,21.0
2018/2019,Gemeente,Uitgeest,WO,Gedrag en maatschappij,21.0
2018/2019,Gemeente,Uitgeest,WO,Gezondheidszorg,15.0
2018/2019,Gemeente,Uitgeest,WO,Landbouw en natuurlijke omgeving,1.0
2018/2019,Gemeente,Uitgeest,WO,Natuur,26.0
2018/2019,Gemeente,Uitgeest,WO,Onderwijs,1.0
2018/2019,Gemeente,Uitgeest,WO,Recht,12.0
2018/2019,Gemeente,Uitgeest,WO,Sectoroverstijgend,3.0
2018/2019,Gemeente,Uitgeest,WO,Taal en cultuur,17.0
2018/2019,Gemeente,Uitgeest,WO,Techniek,10.0
2018/2019,Gemeente,Uitgeest,WO,Totaal energietransitie,36.0
2019/2020,Gemeente,Alkmaar,HBO,Economie,808.0
2019/2020,Gemeente,Alkmaar,HBO,Gedrag en maatschappij,337.0
2019/2020,Gemeente,Alkmaar,HBO,Gezondheidszorg,256.0
2019/2020,Gemeente,Alkmaar,HBO,Landbouw en natuurlijke omgeving,35.0
2019/2020,Gemeente,Alkmaar,HBO,Onderwijs,355.0
2019/2020,Gemeente,Alkmaar,HBO,Taal en cultuur,34.0
2019/2020,Gemeente,Alkmaar,HBO,Techniek,436.0
2019/2020,Gemeente,Alkmaar,HBO,Totaal energietransitie,436.0
2019/2020,Gemeente,Alkmaar,WO,Economie,83.0
2019/2020,Gemeente,Alkmaar,WO,Gedrag en maatschappij,196.0
2019/2020,Gemeente,Alkmaar,WO,Gezondheidszorg,104.0
2019/2020,Gemeente,Alkmaar,WO,Landbouw en natuurlijke omgeving,18.0
2019/2020,Gemeente,Alkmaar,WO,Natuur,122.0
2019/2020,Gemeente,Alkmaar,WO,Onderwijs,8.0
2019/2020,Gemeente,Alkmaar,WO,Recht,118.0
2019/2020,Gemeente,Alkmaar,WO,Sectoroverstijgend,20.0
2019/2020,Gemeente,Alkmaar,WO,Taal en cultuur,107.0
2019/2020,Gemeente,Alkmaar,WO,Techniek,55.0
2019/2020,Gemeente,Alkmaar,WO,Totaal energietransitie,177.0
2019/2020,Gemeente,Bergen (NH.),HBO,Economie,217.0
2019/2020,Gemeente,Bergen (NH.),HBO,Gedrag en maatschappij,66.0
2019/2020,Gemeente,Bergen (NH.),HBO,Gezondheidszorg,40.0
2019/2020,Gemeente,Bergen (NH.),HBO,Landbouw en natuurlijke omgeving,12.0
2019/2020,Gemeente,Bergen (NH.),HBO,Onderwijs,80.0
2019/2020,Gemeente,Bergen (NH.),HBO,Taal en cultuur,13.0
2019/2020,Gemeente,Bergen (NH.),HBO,Techniek,112.0
2019/2020,Gemeente,Bergen (NH.),HBO,Totaal energietransitie,112.0
2019/2020,Gemeente,Bergen (NH.),WO,Economie,53.0
2019/2020,Gemeente,Bergen (NH.),WO,Gedrag en maatschappij,54.0
2019/2020,Gemeente,Bergen (NH.),WO,Gezondheidszorg,34.0
2019/2020,Gemeente,Bergen (NH.),WO,Landbouw en natuurlijke omgeving,2.0
2019/2020,Gemeente,Bergen (NH.),WO,Natuur,48.0
2019/2020,Gemeente,Bergen (NH.),WO,Recht,35.0
2019/2020,Gemeente,Bergen (NH.),WO,Sectoroverstijgend,12.0
2019/2020,Gemeente,Bergen (NH.),WO,Taal en cultuur,43.0
2019/2020,Gemeente,Bergen (NH.),WO,Techniek,13.0
2019/2020,Gemeente,Bergen (NH.),WO,Totaal energietransitie,61.0
2019/2020,Gemeente,Castricum,HBO,Economie,334.0
2019/2020,Gemeente,Castricum,HBO,Gedrag en maatschappij,121.0
2019/2020,Gemeente,Castricum,HBO,Gezondheidszorg,105.0
2019/2020,Gemeente,Castricum,HBO,Landbouw en natuurlijke omgeving,17.0
2019/2020,Gemeente,Castricum,HBO,Onderwijs,143.0
2019/2020,Gemeente,Castricum,HBO,Sectoroverstijgend,1.0
2019/2020,Gemeente,Castricum,HBO,Taal en cultuur,18.0
2019/2020,Gemeente,Castricum,HBO,Techniek,238.0
2019/2020,Gemeente,Castricum,HBO,Totaal energietransitie,238.0
2019/2020,Gemeente,Castricum,WO,Economie,63.0
2019/2020,Gemeente,Castricum,WO,Gedrag en maatschappij,79.0
2019/2020,Gemeente,Castricum,WO,Gezondheidszorg,79.0
2019/2020,Gemeente,Castricum,WO,Landbouw en natuurlijke omgeving,3.0
2019/2020,Gemeente,Castricum,WO,Natuur,69.0
2019/2020,Gemeente,Castricum,WO,Recht,41.0
2019/2020,Gemeente,Castricum,WO,Sectoroverstijgend,16.0
2019/2020,Gemeente,Castricum,WO,Taal en cultuur,44.0
2019/2020,Gemeente,Castricum,WO,Techniek,27.0
2019/2020,Gemeente,Castricum,WO,Totaal energietransitie,96.0
2019/2020,Gemeente,Den Helder,HBO,Economie,246.0
2019/2020,Gemeente,Den Helder,HBO,Gedrag en maatschappij,130.0
2019/2020,Gemeente,Den Helder,HBO,Gezondheidszorg,92.0
2019/2020,Gemeente,Den Helder,HBO,Landbouw en natuurlijke omgeving,10.0
2019/2020,Gemeente,Den Helder,HBO,Onderwijs,147.0
2019/2020,Gemeente,Den Helder,HBO,Sectoroverstijgend,1.0
2019/2020,Gemeente,Den Helder,HBO,Taal en cultuur,9.0
2019/2020,Gemeente,Den Helder,HBO,Techniek,194.0
2019/2020,Gemeente,Den Helder,HBO,Totaal energietransitie,194.0
2019/2020,Gemeente,Den Helder,WO,Economie,23.0
2019/2020,Gemeente,Den Helder,WO,Gedrag en maatschappij,31.0
2019/2020,Gemeente,Den Helder,WO,Gezondheidszorg,27.0
2019/2020,Gemeente,Den Helder,WO,Landbouw en natuurlijke omgeving,4.0
2019/2020,Gemeente,Den Helder,WO,Natuur,25.0
2019/2020,Gemeente,Den Helder,WO,Onderwijs,1.0
2019/2020,Gemeente,Den Helder,WO,Recht,17.0
2019/2020,Gemeente,Den Helder,WO,Sectoroverstijgend,2.0
2019/2020,Gemeente,Den Helder,WO,Taal en cultuur,23.0
2019/2020,Gemeente,Den Helder,WO,Techniek,7.0
2019/2020,Gemeente,Den Helder,WO,Totaal energietransitie,32.0
2019/2020,Gemeente,Drechterland,HBO,Economie,131.0
2019/2020,Gemeente,Drechterland,HBO,Gedrag en maatschappij,46.0
2019/2020,Gemeente,Drechterland,HBO,Gezondheidszorg,37.0
2019/2020,Gemeente,Drechterland,HBO,Landbouw en natuurlijke omgeving,17.0
2019/2020,Gemeente,Drechterland,HBO,Onderwijs,70.0
2019/2020,Gemeente,Drechterland,HBO,Taal en cultuur,4.0
2019/2020,Gemeente,Drechterland,HBO,Techniek,86.0
2019/2020,Gemeente,Drechterland,HBO,Totaal energietransitie,86.0
2019/2020,Gemeente,Drechterland,WO,Economie,17.0
2019/2020,Gemeente,Drechterland,WO,Gedrag en maatschappij,18.0
2019/2020,Gemeente,Drechterland,WO,Gezondheidszorg,15.0
2019/2020,Gemeente,Drechterland,WO,Landbouw en natuurlijke omgeving,6.0
2019/2020,Gemeente,Drechterland,WO,Natuur,21.0
2019/2020,Gemeente,Drechterland,WO,Onderwijs,1.0
2019/2020,Gemeente,Drechterland,WO,Recht,16.0
2019/2020,Gemeente,Drechterland,WO,Sectoroverstijgend,4.0
2019/2020,Gemeente,Drechterland,WO,Taal en cultuur,14.0
2019/2020,Gemeente,Drechterland,WO,Techniek,8.0
2019/2020,Gemeente,Drechterland,WO,Totaal energietransitie,29.0
2019/2020,Gemeente,Enkhuizen,HBO,Economie,103.0
2019/2020,Gemeente,Enkhuizen,HBO,Gedrag en maatschappij,37.0
2019/2020,Gemeente,Enkhuizen,HBO,Gezondheidszorg,38.0
2019/2020,Gemeente,Enkhuizen,HBO,Landbouw en natuurlijke omgeving,7.0
2019/2020,Gemeente,Enkhuizen,HBO,Onderwijs,63.0
2019/2020,Gemeente,Enkhuizen,HBO,Sectoroverstijgend,1.0
2019/2020,Gemeente,Enkhuizen,HBO,Taal en cultuur,3.0
2019/2020,Gemeente,Enkhuizen,HBO,Techniek,70.0
2019/2020,Gemeente,Enkhuizen,HBO,Totaal energietransitie,70.0
2019/2020,Gemeente,Enkhuizen,WO,Economie,13.0
2019/2020,Gemeente,Enkhuizen,WO,Gedrag en maatschappij,21.0
2019/2020,Gemeente,Enkhuizen,WO,Gezondheidszorg,15.0
2019/2020,Gemeente,Enkhuizen,WO,Landbouw en natuurlijke omgeving,2.0
2019/2020,Gemeente,Enkhuizen,WO,Natuur,19.0
2019/2020,Gemeente,Enkhuizen,WO,Recht,3.0
2019/2020,Gemeente,Enkhuizen,WO,Sectoroverstijgend,3.0
2019/2020,Gemeente,Enkhuizen,WO,Taal en cultuur,6.0
2019/2020,Gemeente,Enkhuizen,WO,Techniek,3.0
2019/2020,Gemeente,Enkhuizen,WO,Totaal energietransitie,22.0
2019/2020,Gemeente,Heiloo,HBO,Economie,227.0
2019/2020,Gemeente,Heiloo,HBO,Gedrag en maatschappij,65.0
2019/2020,Gemeente,Heiloo,HBO,Gezondheidszorg,75.0
2019/2020,Gemeente,Heiloo,HBO,Landbouw en natuurlijke omgeving,10.0
2019/2020,Gemeente,Heiloo,HBO,Onderwijs,81.0
2019/2020,Gemeente,Heiloo,HBO,Taal en cultuur,11.0
2019/2020,Gemeente,Heiloo,HBO,Techniek,126.0
2019/2020,Gemeente,Heiloo,HBO,Totaal energietransitie,126.0
2019/2020,Gemeente,Heiloo,WO,Economie,45.0
2019/2020,Gemeente,Heiloo,WO,Gedrag en maatschappij,44.0
2019/2020,Gemeente,Heiloo,WO,Gezondheidszorg,33.0
2019/2020,Gemeente,Heiloo,WO,Landbouw en natuurlijke omgeving,7.0
2019/2020,Gemeente,Heiloo,WO,Natuur,50.0
2019/2020,Gemeente,Heiloo,WO,Onderwijs,6.0
2019/2020,Gemeente,Heiloo,WO,Recht,27.0
2019/2020,Gemeente,Heiloo,WO,Sectoroverstijgend,7.0
2019/2020,Gemeente,Heiloo,WO,Taal en cultuur,32.0
2019/2020,Gemeente,Heiloo,WO,Techniek,23.0
2019/2020,Gemeente,Heiloo,WO,Totaal energietransitie,73.0
2019/2020,Gemeente,Hollands Kroon,HBO,Economie,288.0
2019/2020,Gemeente,Hollands Kroon,HBO,Gedrag en maatschappij,108.0
2019/2020,Gemeente,Hollands Kroon,HBO,Gezondheidszorg,97.0
2019/2020,Gemeente,Hollands Kroon,HBO,Landbouw en natuurlijke omgeving,83.0
2019/2020,Gemeente,Hollands Kroon,HBO,Onderwijs,136.0
2019/2020,Gemeente,Hollands Kroon,HBO,Taal en cultuur,11.0
2019/2020,Gemeente,Hollands Kroon,HBO,Techniek,232.0
2019/2020,Gemeente,Hollands Kroon,HBO,Totaal energietransitie,232.0
2019/2020,Gemeente,Hollands Kroon,WO,Economie,17.0
2019/2020,Gemeente,Hollands Kroon,WO,Gedrag en maatschappij,44.0
2019/2020,Gemeente,Hollands Kroon,WO,Gezondheidszorg,13.0
2019/2020,Gemeente,Hollands Kroon,WO,Landbouw en natuurlijke omgeving,7.0
2019/2020,Gemeente,Hollands Kroon,WO,Natuur,36.0
2019/2020,Gemeente,Hollands Kroon,WO,Onderwijs,1.0
2019/2020,Gemeente,Hollands Kroon,WO,Recht,22.0
2019/2020,Gemeente,Hollands Kroon,WO,Sectoroverstijgend,6.0
2019/2020,Gemeente,Hollands Kroon,WO,Taal en cultuur,17.0
2019/2020,Gemeente,Hollands Kroon,WO,Techniek,25.0
2019/2020,Gemeente,Hollands Kroon,WO,Totaal energietransitie,61.0
2019/2020,Gemeente,Hoorn,HBO,Economie,532.0
2019/2020,Gemeente,Hoorn,HBO,Gedrag en maatschappij,188.0
2019/2020,Gemeente,Hoorn,HBO,Gezondheidszorg,175.0
2019/2020,Gemeente,Hoorn,HBO,Landbouw en natuurlijke omgeving,28.0
2019/2020,Gemeente,Hoorn,HBO,Onderwijs,261.0
2019/2020,Gemeente,Hoorn,HBO,Sectoroverstijgend,1.0
2019/2020,Gemeente,Hoorn,HBO,Taal en cultuur,33.0
2019/2020,Gemeente,Hoorn,HBO,Techniek,315.0
2019/2020,Gemeente,Hoorn,HBO,Totaal energietransitie,315.0
2019/2020,Gemeente,Hoorn,WO,Economie,63.0
2019/2020,Gemeente,Hoorn,WO,Gedrag en maatschappij,131.0
2019/2020,Gemeente,Hoorn,WO,Gezondheidszorg,68.0
2019/2020,Gemeente,Hoorn,WO,Landbouw en natuurlijke omgeving,7.0
2019/2020,Gemeente,Hoorn,WO,Natuur,92.0
2019/2020,Gemeente,Hoorn,WO,Onderwijs,4.0
2019/2020,Gemeente,Hoorn,WO,Recht,85.0
2019/2020,Gemeente,Hoorn,WO,Sectoroverstijgend,11.0
2019/2020,Gemeente,Hoorn,WO,Taal en cultuur,72.0
2019/2020,Gemeente,Hoorn,WO,Techniek,21.0
2019/2020,Gemeente,Hoorn,WO,Totaal energietransitie,113.0
2019/2020,Gemeente,Koggenland,HBO,Economie,192.0
2019/2020,Gemeente,Koggenland,HBO,Gedrag en maatschappij,59.0
2019/2020,Gemeente,Koggenland,HBO,Gezondheidszorg,72.0
2019/2020,Gemeente,Koggenland,HBO,Landbouw en natuurlijke omgeving,26.0
2019/2020,Gemeente,Koggenland,HBO,Onderwijs,66.0
2019/2020,Gemeente,Koggenland,HBO,Taal en cultuur,6.0
2019/2020,Gemeente,Koggenland,HBO,Techniek,147.0
2019/2020,Gemeente,Koggenland,HBO,Totaal energietransitie,147.0
2019/2020,Gemeente,Koggenland,WO,Economie,30.0
2019/2020,Gemeente,Koggenland,WO,Gedrag en maatschappij,29.0
2019/2020,Gemeente,Koggenland,WO,Gezondheidszorg,13.0
2019/2020,Gemeente,Koggenland,WO,Landbouw en natuurlijke omgeving,3.0
2019/2020,Gemeente,Koggenland,WO,Natuur,31.0
2019/2020,Gemeente,Koggenland,WO,Onderwijs,2.0
2019/2020,Gemeente,Koggenland,WO,Recht,13.0
2019/2020,Gemeente,Koggenland,WO,Sectoroverstijgend,3.0
2019/2020,Gemeente,Koggenland,WO,Taal en cultuur,11.0
2019/2020,Gemeente,Koggenland,WO,Techniek,12.0
2019/2020,Gemeente,Koggenland,WO,Totaal energietransitie,43.0
2019/2020,Gemeente,Medemblik,HBO,Economie,272.0
2019/2020,Gemeente,Medemblik,HBO,Gedrag en maatschappij,76.0
2019/2020,Gemeente,Medemblik,HBO,Gezondheidszorg,83.0
2019/2020,Gemeente,Medemblik,HBO,Landbouw en natuurlijke omgeving,43.0
2019/2020,Gemeente,Medemblik,HBO,Onderwijs,137.0
2019/2020,Gemeente,Medemblik,HBO,Taal en cultuur,12.0
2019/2020,Gemeente,Medemblik,HBO,Techniek,202.0
2019/2020,Gemeente,Medemblik,HBO,Totaal energietransitie,202.0
2019/2020,Gemeente,Medemblik,WO,Economie,43.0
2019/2020,Gemeente,Medemblik,WO,Gedrag en maatschappij,55.0
2019/2020,Gemeente,Medemblik,WO,Gezondheidszorg,37.0
2019/2020,Gemeente,Medemblik,WO,Landbouw en natuurlijke omgeving,10.0
2019/2020,Gemeente,Medemblik,WO,Natuur,51.0
2019/2020,Gemeente,Medemblik,WO,Onderwijs,1.0
2019/2020,Gemeente,Medemblik,WO,Recht,29.0
2019/2020,Gemeente,Medemblik,WO,Sectoroverstijgend,2.0
2019/2020,Gemeente,Medemblik,WO,Taal en cultuur,29.0
2019/2020,Gemeente,Medemblik,WO,Techniek,18.0
2019/2020,Gemeente,Medemblik,WO,Totaal energietransitie,69.0
2019/2020,Gemeente,Opmeer,HBO,Economie,89.0
2019/2020,Gemeente,Opmeer,HBO,Gedrag en maatschappij,31.0
2019/2020,Gemeente,Opmeer,HBO,Gezondheidszorg,31.0
2019/2020,Gemeente,Opmeer,HBO,Landbouw en natuurlijke omgeving,16.0
2019/2020,Gemeente,Opmeer,HBO,Onderwijs,35.0
2019/2020,Gemeente,Opmeer,HBO,Sectoroverstijgend,1.0
2019/2020,Gemeente,Opmeer,HBO,Taal en cultuur,1.0
2019/2020,Gemeente,Opmeer,HBO,Techniek,61.0
2019/2020,Gemeente,Opmeer,HBO,Totaal energietransitie,61.0
2019/2020,Gemeente,Opmeer,WO,Economie,14.0
2019/2020,Gemeente,Opmeer,WO,Gedrag en maatschappij,15.0
2019/2020,Gemeente,Opmeer,WO,Gezondheidszorg,5.0
2019/2020,Gemeente,Opmeer,WO,Landbouw en natuurlijke omgeving,2.0
2019/2020,Gemeente,Opmeer,WO,Natuur,14.0
2019/2020,Gemeente,Opmeer,WO,Onderwijs,1.0
2019/2020,Gemeente,Opmeer,WO,Recht,8.0
2019/2020,Gemeente,Opmeer,WO,Sectoroverstijgend,4.0
2019/2020,Gemeente,Opmeer,WO,Taal en cultuur,6.0
2019/2020,Gemeente,Opmeer,WO,Techniek,4.0
2019/2020,Gemeente,Opmeer,WO,Totaal energietransitie,18.0
2019/2020,Gemeente,Schagen,HBO,Economie,348.0
2019/2020,Gemeente,Schagen,HBO,Gedrag en maatschappij,114.0
2019/2020,Gemeente,Schagen,HBO,Gezondheidszorg,100.0
2019/2020,Gemeente,Schagen,HBO,Landbouw en natuurlijke omgeving,47.0
2019/2020,Gemeente,Schagen,HBO,Onderwijs,148.0
2019/2020,Gemeente,Schagen,HBO,Taal en cultuur,13.0
2019/2020,Gemeente,Schagen,HBO,Techniek,209.0
2019/2020,Gemeente,Schagen,HBO,Totaal energietransitie,209.0
2019/2020,Gemeente,Schagen,WO,Economie,33.0
2019/2020,Gemeente,Schagen,WO,Gedrag en maatschappij,44.0
2019/2020,Gemeente,Schagen,WO,Gezondheidszorg,31.0
2019/2020,Gemeente,Schagen,WO,Landbouw en natuurlijke omgeving,14.0
2019/2020,Gemeente,Schagen,WO,Natuur,38.0
2019/2020,Gemeente,Schagen,WO,Onderwijs,2.0
2019/2020,Gemeente,Schagen,WO,Recht,16.0
2019/2020,Gemeente,Schagen,WO,Sectoroverstijgend,7.0
2019/2020,Gemeente,Schagen,WO,Taal en cultuur,30.0
2019/2020,Gemeente,Schagen,WO,Techniek,15.0
2019/2020,Gemeente,Schagen,WO,Totaal energietransitie,53.0
2019/2020,Gemeente,Stede Broec,HBO,Economie,137.0
2019/2020,Gemeente,Stede Broec,HBO,Gedrag en maatschappij,51.0
2019/2020,Gemeente,Stede Broec,HBO,Gezondheidszorg,64.0
2019/2020,Gemeente,Stede Broec,HBO,Landbouw en natuurlijke omgeving,17.0
2019/2020,Gemeente,Stede Broec,HBO,Onderwijs,61.0
2019/2020,Gemeente,Stede Broec,HBO,Taal en cultuur,5.0
2019/2020,Gemeente,Stede Broec,HBO,Techniek,84.0
2019/2020,Gemeente,Stede Broec,HBO,Totaal energietransitie,84.0
2019/2020,Gemeente,Stede Broec,WO,Economie,16.0
2019/2020,Gemeente,Stede Broec,WO,Gedrag en maatschappij,23.0
2019/2020,Gemeente,Stede Broec,WO,Gezondheidszorg,17.0
2019/2020,Gemeente,Stede Broec,WO,Landbouw en natuurlijke omgeving,9.0
2019/2020,Gemeente,Stede Broec,WO,Natuur,36.0
2019/2020,Gemeente,Stede Broec,WO,Onderwijs,1.0
2019/2020,Gemeente,Stede Broec,WO,Recht,12.0
2019/2020,Gemeente,Stede Broec,WO,Sectoroverstijgend,6.0
2019/2020,Gemeente,Stede Broec,WO,Taal en cultuur,7.0
2019/2020,Gemeente,Stede Broec,WO,Techniek,4.0
2019/2020,Gemeente,Stede Broec,WO,Totaal energietransitie,40.0
2019/2020,Gemeente,Texel,HBO,Economie,51.0
2019/2020,Gemeente,Texel,HBO,Gedrag en maatschappij,16.0
2019/2020,Gemeente,Texel,HBO,Gezondheidszorg,17.0
2019/2020,Gemeente,Texel,HBO,Landbouw en natuurlijke omgeving,3.0
2019/2020,Gemeente,Texel,HBO,Onderwijs,25.0
2019/2020,Gemeente,Texel,HBO,Taal en cultuur,7.0
2019/2020,Gemeente,Texel,HBO,Techniek,23.0
2019/2020,Gemeente,Texel,HBO,Totaal energietransitie,23.0
2019/2020,Gemeente,Texel,WO,Economie,6.0
2019/2020,Gemeente,Texel,WO,Gedrag en maatschappij,11.0
2019/2020,Gemeente,Texel,WO,Gezondheidszorg,5.0
2019/2020,Gemeente,Texel,WO,Landbouw en natuurlijke omgeving,2.0
2019/2020,Gemeente,Texel,WO,Natuur,12.0
2019/2020,Gemeente,Texel,WO,Recht,1.0
2019/2020,Gemeente,Texel,WO,Sectoroverstijgend,1.0
2019/2020,Gemeente,Texel,WO,Taal en cultuur,4.0
2019/2020,Gemeente,Texel,WO,Techniek,3.0
2019/2020,Gemeente,Texel,WO,Totaal energietransitie,15.0
2019/2020,Gemeente,Uitgeest,HBO,Economie,129.0
2019/2020,Gemeente,Uitgeest,HBO,Gedrag en maatschappij,55.0
2019/2020,Gemeente,Uitgeest,HBO,Gezondheidszorg,45.0
2019/2020,Gemeente,Uitgeest,HBO,Landbouw en natuurlijke omgeving,7.0
2019/2020,Gemeente,Uitgeest,HBO,Onderwijs,46.0
2019/2020,Gemeente,Uitgeest,HBO,Taal en cultuur,4.0
2019/2020,Gemeente,Uitgeest,HBO,Techniek,78.0
2019/2020,Gemeente,Uitgeest,HBO,Totaal energietransitie,78.0
2019/2020,Gemeente,Uitgeest,WO,Economie,17.0
2019/2020,Gemeente,Uitgeest,WO,Gedrag en maatschappij,24.0
2019/2020,Gemeente,Uitgeest,WO,Gezondheidszorg,18.0
2019/2020,Gemeente,Uitgeest,WO,Landbouw en natuurlijke omgeving,1.0
2019/2020,Gemeente,Uitgeest,WO,Natuur,26.0
2019/2020,Gemeente,Uitgeest,WO,Onderwijs,1.0
2019/2020,Gemeente,Uitgeest,WO,Recht,15.0
2019/2020,Gemeente,Uitgeest,WO,Sectoroverstijgend,4.0
2019/2020,Gemeente,Uitgeest,WO,Taal en cultuur,15.0
2019/2020,Gemeente,Uitgeest,WO,Techniek,15.0
2019/2020,Gemeente,Uitgeest,WO,Totaal energietransitie,41.0
2020/2021,Gemeente,Alkmaar,HBO,Economie,892.0
2020/2021,Gemeente,Alkmaar,HBO,Gedrag en maatschappij,392.0
2020/2021,Gemeente,Alkmaar,HBO,Gezondheidszorg,310.0
2020/2021,Gemeente,Alkmaar,HBO,Landbouw en natuurlijke omgeving,53.0
2020/2021,Gemeente,Alkmaar,HBO,Onderwijs,388.0
2020/2021,Gemeente,Alkmaar,HBO,Taal en cultuur,38.0
2020/2021,Gemeente,Alkmaar,HBO,Techniek,438.0
2020/2021,Gemeente,Alkmaar,HBO,Totaal energietransitie,438.0
2020/2021,Gemeente,Alkmaar,WO,Economie,112.0
2020/2021,Gemeente,Alkmaar,WO,Gedrag en maatschappij,195.0
2020/2021,Gemeente,Alkmaar,WO,Gezondheidszorg,118.0
2020/2021,Gemeente,Alkmaar,WO,Landbouw en natuurlijke omgeving,13.0
2020/2021,Gemeente,Alkmaar,WO,Natuur,135.0
2020/2021,Gemeente,Alkmaar,WO,Onderwijs,8.0
2020/2021,Gemeente,Alkmaar,WO,Recht,129.0
2020/2021,Gemeente,Alkmaar,WO,Sectoroverstijgend,21.0
2020/2021,Gemeente,Alkmaar,WO,Taal en cultuur,111.0
2020/2021,Gemeente,Alkmaar,WO,Techniek,60.0
2020/2021,Gemeente,Alkmaar,WO,Totaal energietransitie,195.0
2020/2021,Gemeente,Bergen (NH.),HBO,Economie,235.0
2020/2021,Gemeente,Bergen (NH.),HBO,Gedrag en maatschappij,69.0
2020/2021,Gemeente,Bergen (NH.),HBO,Gezondheidszorg,58.0
2020/2021,Gemeente,Bergen (NH.),HBO,Landbouw en natuurlijke omgeving,13.0
2020/2021,Gemeente,Bergen (NH.),HBO,Onderwijs,78.0
2020/2021,Gemeente,Bergen (NH.),HBO,Taal en cultuur,15.0
2020/2021,Gemeente,Bergen (NH.),HBO,Techniek,119.0
2020/2021,Gemeente,Bergen (NH.),HBO,Totaal energietransitie,119.0
2020/2021,Gemeente,Bergen (NH.),WO,Economie,50.0
2020/2021,Gemeente,Bergen (NH.),WO,Gedrag en maatschappij,57.0
2020/2021,Gemeente,Bergen (NH.),WO,Gezondheidszorg,33.0
2020/2021,Gemeente,Bergen (NH.),WO,Landbouw en natuurlijke omgeving,7.0
2020/2021,Gemeente,Bergen (NH.),WO,Natuur,45.0
2020/2021,Gemeente,Bergen (NH.),WO,Onderwijs,3.0
2020/2021,Gemeente,Bergen (NH.),WO,Recht,44.0
2020/2021,Gemeente,Bergen (NH.),WO,Sectoroverstijgend,13.0
2020/2021,Gemeente,Bergen (NH.),WO,Taal en cultuur,50.0
2020/2021,Gemeente,Bergen (NH.),WO,Techniek,20.0
2020/2021,Gemeente,Bergen (NH.),WO,Totaal energietransitie,65.0
2020/2021,Gemeente,Castricum,HBO,Economie,337.0
2020/2021,Gemeente,Castricum,HBO,Gedrag en maatschappij,134.0
2020/2021,Gemeente,Castricum,HBO,Gezondheidszorg,116.0
2020/2021,Gemeente,Castricum,HBO,Landbouw en natuurlijke omgeving,20.0
2020/2021,Gemeente,Castricum,HBO,Onderwijs,161.0
2020/2021,Gemeente,Castricum,HBO,Sectoroverstijgend,1.0
2020/2021,Gemeente,Castricum,HBO,Taal en cultuur,15.0
2020/2021,Gemeente,Castricum,HBO,Techniek,254.0
2020/2021,Gemeente,Castricum,HBO,Totaal energietransitie,254.0
2020/2021,Gemeente,Castricum,WO,Economie,68.0
2020/2021,Gemeente,Castricum,WO,Gedrag en maatschappij,93.0
2020/2021,Gemeente,Castricum,WO,Gezondheidszorg,72.0
2020/2021,Gemeente,Castricum,WO,Landbouw en natuurlijke omgeving,9.0
2020/2021,Gemeente,Castricum,WO,Natuur,80.0
2020/2021,Gemeente,Castricum,WO,Onderwijs,1.0
2020/2021,Gemeente,Castricum,WO,Recht,46.0
2020/2021,Gemeente,Castricum,WO,Sectoroverstijgend,11.0
2020/2021,Gemeente,Castricum,WO,Taal en cultuur,48.0
2020/2021,Gemeente,Castricum,WO,Techniek,43.0
2020/2021,Gemeente,Castricum,WO,Totaal energietransitie,123.0
2020/2021,Gemeente,Den Helder,HBO,Economie,256.0
2020/2021,Gemeente,Den Helder,HBO,Gedrag en maatschappij,142.0
2020/2021,Gemeente,Den Helder,HBO,Gezondheidszorg,106.0
2020/2021,Gemeente,Den Helder,HBO,Landbouw en natuurlijke omgeving,12.0
2020/2021,Gemeente,Den Helder,HBO,Onderwijs,153.0
2020/2021,Gemeente,Den Helder,HBO,Sectoroverstijgend,2.0
2020/2021,Gemeente,Den Helder,HBO,Taal en cultuur,8.0
2020/2021,Gemeente,Den Helder,HBO,Techniek,202.0
2020/2021,Gemeente,Den Helder,HBO,Totaal energietransitie,202.0
2020/2021,Gemeente,Den Helder,WO,Economie,23.0
2020/2021,Gemeente,Den Helder,WO,Gedrag en maatschappij,37.0
2020/2021,Gemeente,Den Helder,WO,Gezondheidszorg,21.0
2020/2021,Gemeente,Den Helder,WO,Landbouw en natuurlijke omgeving,7.0
2020/2021,Gemeente,Den Helder,WO,Natuur,28.0
2020/2021,Gemeente,Den Helder,WO,Onderwijs,1.0
2020/2021,Gemeente,Den Helder,WO,Recht,14.0
2020/2021,Gemeente,Den Helder,WO,Sectoroverstijgend,2.0
2020/2021,Gemeente,Den Helder,WO,Taal en cultuur,18.0
2020/2021,Gemeente,Den Helder,WO,Techniek,4.0
2020/2021,Gemeente,Den Helder,WO,Totaal energietransitie,32.0
2020/2021,Gemeente,Drechterland,HBO,Economie,148.0
2020/2021,Gemeente,Drechterland,HBO,Gedrag en maatschappij,44.0
2020/2021,Gemeente,Drechterland,HBO,Gezondheidszorg,41.0
2020/2021,Gemeente,Drechterland,HBO,Landbouw en natuurlijke omgeving,19.0
2020/2021,Gemeente,Drechterland,HBO,Onderwijs,90.0
2020/2021,Gemeente,Drechterland,HBO,Taal en cultuur,4.0
2020/2021,Gemeente,Drechterland,HBO,Techniek,95.0
2020/2021,Gemeente,Drechterland,HBO,Totaal energietransitie,95.0
2020/2021,Gemeente,Drechterland,WO,Economie,20.0
2020/2021,Gemeente,Drechterland,WO,Gedrag en maatschappij,21.0
2020/2021,Gemeente,Drechterland,WO,Gezondheidszorg,17.0
2020/2021,Gemeente,Drechterland,WO,Landbouw en natuurlijke omgeving,6.0
2020/2021,Gemeente,Drechterland,WO,Natuur,25.0
2020/2021,Gemeente,Drechterland,WO,Recht,21.0
2020/2021,Gemeente,Drechterland,WO,Sectoroverstijgend,2.0
2020/2021,Gemeente,Drechterland,WO,Taal en cultuur,14.0
2020/2021,Gemeente,Drechterland,WO,Techniek,13.0
2020/2021,Gemeente,Drechterland,WO,Totaal energietransitie,38.0
2020/2021,Gemeente,Enkhuizen,HBO,Economie,105.0
2020/2021,Gemeente,Enkhuizen,HBO,Gedrag en maatschappij,46.0
2020/2021,Gemeente,Enkhuizen,HBO,Gezondheidszorg,46.0
2020/2021,Gemeente,Enkhuizen,HBO,Landbouw en natuurlijke omgeving,13.0
2020/2021,Gemeente,Enkhuizen,HBO,Onderwijs,64.0
2020/2021,Gemeente,Enkhuizen,HBO,Taal en cultuur,2.0
2020/2021,Gemeente,Enkhuizen,HBO,Techniek,68.0
2020/2021,Gemeente,Enkhuizen,HBO,Totaal energietransitie,68.0
2020/2021,Gemeente,Enkhuizen,WO,Economie,12.0
2020/2021,Gemeente,Enkhuizen,WO,Gedrag en maatschappij,17.0
2020/2021,Gemeente,Enkhuizen,WO,Gezondheidszorg,11.0
2020/2021,Gemeente,Enkhuizen,WO,Landbouw en natuurlijke omgeving,2.0
2020/2021,Gemeente,Enkhuizen,WO,Natuur,22.0
2020/2021,Gemeente,Enkhuizen,WO,Onderwijs,2.0
2020/2021,Gemeente,Enkhuizen,WO,Recht,4.0
2020/2021,Gemeente,Enkhuizen,WO,Sectoroverstijgend,1.0
2020/2021,Gemeente,Enkhuizen,WO,Taal en cultuur,9.0
2020/2021,Gemeente,Enkhuizen,WO,Techniek,3.0
2020/2021,Gemeente,Enkhuizen,WO,Totaal energietransitie,25.0
2020/2021,Gemeente,Heiloo,HBO,Economie,245.0
2020/2021,Gemeente,Heiloo,HBO,Gedrag en maatschappij,81.0
2020/2021,Gemeente,Heiloo,HBO,Gezondheidszorg,78.0
2020/2021,Gemeente,Heiloo,HBO,Landbouw en natuurlijke omgeving,13.0
2020/2021,Gemeente,Heiloo,HBO,Onderwijs,84.0
2020/2021,Gemeente,Heiloo,HBO,Taal en cultuur,13.0
2020/2021,Gemeente,Heiloo,HBO,Techniek,147.0
2020/2021,Gemeente,Heiloo,HBO,Totaal energietransitie,147.0
2020/2021,Gemeente,Heiloo,WO,Economie,59.0
2020/2021,Gemeente,Heiloo,WO,Gedrag en maatschappij,60.0
2020/2021,Gemeente,Heiloo,WO,Gezondheidszorg,31.0
2020/2021,Gemeente,Heiloo,WO,Landbouw en natuurlijke omgeving,5.0
2020/2021,Gemeente,Heiloo,WO,Natuur,45.0
2020/2021,Gemeente,Heiloo,WO,Onderwijs,2.0
2020/2021,Gemeente,Heiloo,WO,Recht,41.0
2020/2021,Gemeente,Heiloo,WO,Sectoroverstijgend,14.0
2020/2021,Gemeente,Heiloo,WO,Taal en cultuur,28.0
2020/2021,Gemeente,Heiloo,WO,Techniek,25.0
2020/2021,Gemeente,Heiloo,WO,Totaal energietransitie,70.0
2020/2021,Gemeente,Hollands Kroon,HBO,Economie,334.0
2020/2021,Gemeente,Hollands Kroon,HBO,Gedrag en maatschappij,118.0
2020/2021,Gemeente,Hollands Kroon,HBO,Gezondheidszorg,114.0
2020/2021,Gemeente,Hollands Kroon,HBO,Landbouw en natuurlijke omgeving,89.0
2020/2021,Gemeente,Hollands Kroon,HBO,Onderwijs,144.0
2020/2021,Gemeente,Hollands Kroon,HBO,Taal en cultuur,9.0
2020/2021,Gemeente,Hollands Kroon,HBO,Techniek,223.0
2020/2021,Gemeente,Hollands Kroon,HBO,Totaal energietransitie,223.0
2020/2021,Gemeente,Hollands Kroon,WO,Economie,22.0
2020/2021,Gemeente,Hollands Kroon,WO,Gedrag en maatschappij,54.0
2020/2021,Gemeente,Hollands Kroon,WO,Gezondheidszorg,26.0
2020/2021,Gemeente,Hollands Kroon,WO,Landbouw en natuurlijke omgeving,12.0
2020/2021,Gemeente,Hollands Kroon,WO,Natuur,30.0
2020/2021,Gemeente,Hollands Kroon,WO,Onderwijs,1.0
2020/2021,Gemeente,Hollands Kroon,WO,Recht,27.0
2020/2021,Gemeente,Hollands Kroon,WO,Sectoroverstijgend,4.0
2020/2021,Gemeente,Hollands Kroon,WO,Taal en cultuur,24.0
2020/2021,Gemeente,Hollands Kroon,WO,Techniek,14.0
2020/2021,Gemeente,Hollands Kroon,WO,Totaal energietransitie,44.0
2020/2021,Gemeente,Hoorn,HBO,Economie,587.0
2020/2021,Gemeente,Hoorn,HBO,Gedrag en maatschappij,192.0
2020/2021,Gemeente,Hoorn,HBO,Gezondheidszorg,173.0
2020/2021,Gemeente,Hoorn,HBO,Landbouw en natuurlijke omgeving,33.0
2020/2021,Gemeente,Hoorn,HBO,Onderwijs,261.0
2020/2021,Gemeente,Hoorn,HBO,Sectoroverstijgend,1.0
2020/2021,Gemeente,Hoorn,HBO,Taal en cultuur,35.0
2020/2021,Gemeente,Hoorn,HBO,Techniek,322.0
2020/2021,Gemeente,Hoorn,HBO,Totaal energietransitie,322.0
2020/2021,Gemeente,Hoorn,WO,Economie,87.0
2020/2021,Gemeente,Hoorn,WO,Gedrag en maatschappij,152.0
2020/2021,Gemeente,Hoorn,WO,Gezondheidszorg,80.0
2020/2021,Gemeente,Hoorn,WO,Landbouw en natuurlijke omgeving,8.0
2020/2021,Gemeente,Hoorn,WO,Natuur,103.0
2020/2021,Gemeente,Hoorn,WO,Onderwijs,6.0
2020/2021,Gemeente,Hoorn,WO,Recht,98.0
2020/2021,Gemeente,Hoorn,WO,Sectoroverstijgend,17.0
2020/2021,Gemeente,Hoorn,WO,Taal en cultuur,68.0
2020/2021,Gemeente,Hoorn,WO,Techniek,30.0
2020/2021,Gemeente,Hoorn,WO,Totaal energietransitie,133.0
2020/2021,Gemeente,Koggenland,HBO,Economie,199.0
2020/2021,Gemeente,Koggenland,HBO,Gedrag en maatschappij,57.0
2020/2021,Gemeente,Koggenland,HBO,Gezondheidszorg,77.0
2020/2021,Gemeente,Koggenland,HBO,Landbouw en natuurlijke omgeving,27.0
2020/2021,Gemeente,Koggenland,HBO,Onderwijs,71.0
2020/2021,Gemeente,Koggenland,HBO,Taal en cultuur,6.0
2020/2021,Gemeente,Koggenland,HBO,Techniek,158.0
2020/2021,Gemeente,Koggenland,HBO,Totaal energietransitie,158.0
2020/2021,Gemeente,Koggenland,WO,Economie,27.0
2020/2021,Gemeente,Koggenland,WO,Gedrag en maatschappij,35.0
2020/2021,Gemeente,Koggenland,WO,Gezondheidszorg,15.0
2020/2021,Gemeente,Koggenland,WO,Landbouw en natuurlijke omgeving,2.0
2020/2021,Gemeente,Koggenland,WO,Natuur,28.0
2020/2021,Gemeente,Koggenland,WO,Onderwijs,2.0
2020/2021,Gemeente,Koggenland,WO,Recht,14.0
2020/2021,Gemeente,Koggenland,WO,Sectoroverstijgend,1.0
2020/2021,Gemeente,Koggenland,WO,Taal en cultuur,16.0
2020/2021,Gemeente,Koggenland,WO,Techniek,17.0
2020/2021,Gemeente,Koggenland,WO,Totaal energietransitie,45.0
2020/2021,Gemeente,Medemblik,HBO,Economie,295.0
2020/2021,Gemeente,Medemblik,HBO,Gedrag en maatschappij,105.0
2020/2021,Gemeente,Medemblik,HBO,Gezondheidszorg,106.0
2020/2021,Gemeente,Medemblik,HBO,Landbouw en natuurlijke omgeving,51.0
2020/2021,Gemeente,Medemblik,HBO,Onderwijs,156.0
2020/2021,Gemeente,Medemblik,HBO,Sectoroverstijgend,1.0
2020/2021,Gemeente,Medemblik,HBO,Taal en cultuur,11.0
2020/2021,Gemeente,Medemblik,HBO,Techniek,221.0
2020/2021,Gemeente,Medemblik,HBO,Totaal energietransitie,221.0
2020/2021,Gemeente,Medemblik,WO,Economie,44.0
2020/2021,Gemeente,Medemblik,WO,Gedrag en maatschappij,70.0
2020/2021,Gemeente,Medemblik,WO,Gezondheidszorg,34.0
2020/2021,Gemeente,Medemblik,WO,Landbouw en natuurlijke omgeving,15.0
2020/2021,Gemeente,Medemblik,WO,Natuur,54.0
2020/2021,Gemeente,Medemblik,WO,Recht,32.0
2020/2021,Gemeente,Medemblik,WO,Sectoroverstijgend,5.0
2020/2021,Gemeente,Medemblik,WO,Taal en cultuur,27.0
2020/2021,Gemeente,Medemblik,WO,Techniek,18.0
2020/2021,Gemeente,Medemblik,WO,Totaal energietransitie,72.0
2020/2021,Gemeente,Opmeer,HBO,Economie,90.0
2020/2021,Gemeente,Opmeer,HBO,Gedrag en maatschappij,39.0
2020/2021,Gemeente,Opmeer,HBO,Gezondheidszorg,35.0
2020/2021,Gemeente,Opmeer,HBO,Landbouw en natuurlijke omgeving,19.0
2020/2021,Gemeente,Opmeer,HBO,Onderwijs,32.0
2020/2021,Gemeente,Opmeer,HBO,Sectoroverstijgend,1.0
2020/2021,Gemeente,Opmeer,HBO,Taal en cultuur,2.0
2020/2021,Gemeente,Opmeer,HBO,Techniek,63.0
2020/2021,Gemeente,Opmeer,HBO,Totaal energietransitie,63.0
2020/2021,Gemeente,Opmeer,WO,Economie,13.0
2020/2021,Gemeente,Opmeer,WO,Gedrag en maatschappij,15.0
2020/2021,Gemeente,Opmeer,WO,Gezondheidszorg,10.0
2020/2021,Gemeente,Opmeer,WO,Landbouw en natuurlijke omgeving,3.0
2020/2021,Gemeente,Opmeer,WO,Natuur,9.0
2020/2021,Gemeente,Opmeer,WO,Recht,10.0
2020/2021,Gemeente,Opmeer,WO,Sectoroverstijgend,1.0
2020/2021,Gemeente,Opmeer,WO,Taal en cultuur,6.0
2020/2021,Gemeente,Opmeer,WO,Techniek,2.0
2020/2021,Gemeente,Opmeer,WO,Totaal energietransitie,11.0
2020/2021,Gemeente,Schagen,HBO,Economie,355.0
2020/2021,Gemeente,Schagen,HBO,Gedrag en maatschappij,118.0
2020/2021,Gemeente,Schagen,HBO,Gezondheidszorg,125.0
2020/2021,Gemeente,Schagen,HBO,Landbouw en natuurlijke omgeving,61.0
2020/2021,Gemeente,Schagen,HBO,Onderwijs,161.0
2020/2021,Gemeente,Schagen,HBO,Sectoroverstijgend,1.0
2020/2021,Gemeente,Schagen,HBO,Taal en cultuur,9.0
2020/2021,Gemeente,Schagen,HBO,Techniek,226.0
2020/2021,Gemeente,Schagen,HBO,Totaal energietransitie,226.0
2020/2021,Gemeente,Schagen,WO,Economie,35.0
2020/2021,Gemeente,Schagen,WO,Gedrag en maatschappij,58.0
2020/2021,Gemeente,Schagen,WO,Gezondheidszorg,39.0
2020/2021,Gemeente,Schagen,WO,Landbouw en natuurlijke omgeving,15.0
2020/2021,Gemeente,Schagen,WO,Natuur,47.0
2020/2021,Gemeente,Schagen,WO,Onderwijs,2.0
2020/2021,Gemeente,Schagen,WO,Recht,34.0
2020/2021,Gemeente,Schagen,WO,Sectoroverstijgend,4.0
2020/2021,Gemeente,Schagen,WO,Taal en cultuur,43.0
2020/2021,Gemeente,Schagen,WO,Techniek,18.0
2020/2021,Gemeente,Schagen,WO,Totaal energietransitie,65.0
2020/2021,Gemeente,Stede Broec,HBO,Economie,148.0
2020/2021,Gemeente,Stede Broec,HBO,Gedrag en maatschappij,66.0
2020/2021,Gemeente,Stede Broec,HBO,Gezondheidszorg,71.0
2020/2021,Gemeente,Stede Broec,HBO,Landbouw en natuurlijke omgeving,21.0
2020/2021,Gemeente,Stede Broec,HBO,Onderwijs,78.0
2020/2021,Gemeente,Stede Broec,HBO,Taal en cultuur,7.0
2020/2021,Gemeente,Stede Broec,HBO,Techniek,97.0
2020/2021,Gemeente,Stede Broec,HBO,Totaal energietransitie,97.0
2020/2021,Gemeente,Stede Broec,WO,Economie,13.0
2020/2021,Gemeente,Stede Broec,WO,Gedrag en maatschappij,21.0
2020/2021,Gemeente,Stede Broec,WO,Gezondheidszorg,27.0
2020/2021,Gemeente,Stede Broec,WO,Landbouw en natuurlijke omgeving,8.0
2020/2021,Gemeente,Stede Broec,WO,Natuur,36.0
2020/2021,Gemeente,Stede Broec,WO,Onderwijs,2.0
2020/2021,Gemeente,Stede Broec,WO,Recht,15.0
2020/2021,Gemeente,Stede Broec,WO,Sectoroverstijgend,4.0
2020/2021,Gemeente,Stede Broec,WO,Taal en cultuur,10.0
2020/2021,Gemeente,Stede Broec,WO,Techniek,3.0
2020/2021,Gemeente,Stede Broec,WO,Totaal energietransitie,39.0
2020/2021,Gemeente,Texel,HBO,Economie,55.0
2020/2021,Gemeente,Texel,HBO,Gedrag en maatschappij,14.0
2020/2021,Gemeente,Texel,HBO,Gezondheidszorg,24.0
2020/2021,Gemeente,Texel,HBO,Landbouw en natuurlijke omgeving,6.0
2020/2021,Gemeente,Texel,HBO,Onderwijs,34.0
2020/2021,Gemeente,Texel,HBO,Taal en cultuur,5.0
2020/2021,Gemeente,Texel,HBO,Techniek,29.0
2020/2021,Gemeente,Texel,HBO,Totaal energietransitie,29.0
2020/2021,Gemeente,Texel,WO,Economie,6.0
2020/2021,Gemeente,Texel,WO,Gedrag en maatschappij,12.0
2020/2021,Gemeente,Texel,WO,Gezondheidszorg,5.0
2020/2021,Gemeente,Texel,WO,Landbouw en natuurlijke omgeving,4.0
2020/2021,Gemeente,Texel,WO,Natuur,15.0
2020/2021,Gemeente,Texel,WO,Onderwijs,2.0
2020/2021,Gemeente,Texel,WO,Recht,5.0
2020/2021,Gemeente,Texel,WO,Sectoroverstijgend,5.0
2020/2021,Gemeente,Texel,WO,Taal en cultuur,3.0
2020/2021,Gemeente,Texel,WO,Techniek,3.0
2020/2021,Gemeente,Texel,WO,Totaal energietransitie,18.0
2020/2021,Gemeente,Uitgeest,HBO,Economie,154.0
2020/2021,Gemeente,Uitgeest,HBO,Gedrag en maatschappij,62.0
2020/2021,Gemeente,Uitgeest,HBO,Gezondheidszorg,46.0
2020/2021,Gemeente,Uitgeest,HBO,Landbouw en natuurlijke omgeving,9.0
2020/2021,Gemeente,Uitgeest,HBO,Onderwijs,62.0
2020/2021,Gemeente,Uitgeest,HBO,Taal en cultuur,7.0
2020/2021,Gemeente,Uitgeest,HBO,Techniek,93.0
2020/2021,Gemeente,Uitgeest,HBO,Totaal energietransitie,93.0
2020/2021,Gemeente,Uitgeest,WO,Economie,20.0
2020/2021,Gemeente,Uitgeest,WO,Gedrag en maatschappij,26.0
2020/2021,Gemeente,Uitgeest,WO,Gezondheidszorg,17.0
2020/2021,Gemeente,Uitgeest,WO,Landbouw en natuurlijke omgeving,4.0
2020/2021,Gemeente,Uitgeest,WO,Natuur,24.0
2020/2021,Gemeente,Uitgeest,WO,Onderwijs,1.0
2020/2021,Gemeente,Uitgeest,WO,Recht,18.0
2020/2021,Gemeente,Uitgeest,WO,Sectoroverstijgend,1.0
2020/2021,Gemeente,Uitgeest,WO,Taal en cultuur,17.0
2020/2021,Gemeente,Uitgeest,WO,Techniek,16.0
2020/2021,Gemeente,Uitgeest,WO,Totaal energietransitie,40.0
2021/2022,Gemeente,Alkmaar,HBO,Economie,904.0
2021/2022,Gemeente,Alkmaar,HBO,Gedrag en maatschappij,412.0
2021/2022,Gemeente,Alkmaar,HBO,Gezondheidszorg,317.0
2021/2022,Gemeente,Alkmaar,HBO,Landbouw en natuurlijke omgeving,53.0
2021/2022,Gemeente,Alkmaar,HBO,Onderwijs,390.0
2021/2022,Gemeente,Alkmaar,HBO,Taal en cultuur,54.0
2021/2022,Gemeente,Alkmaar,HBO,Techniek,454.0
2021/2022,Gemeente,Alkmaar,HBO,Totaal energietransitie,454.0
2021/2022,Gemeente,Alkmaar,WO,Economie,105.0
2021/2022,Gemeente,Alkmaar,WO,Gedrag en maatschappij,219.0
2021/2022,Gemeente,Alkmaar,WO,Gezondheidszorg,111.0
2021/2022,Gemeente,Alkmaar,WO,Landbouw en natuurlijke omgeving,10.0
2021/2022,Gemeente,Alkmaar,WO,Natuur,151.0
2021/2022,Gemeente,Alkmaar,WO,Onderwijs,6.0
2021/2022,Gemeente,Alkmaar,WO,Recht,137.0
2021/2022,Gemeente,Alkmaar,WO,Sectoroverstijgend,23.0
2021/2022,Gemeente,Alkmaar,WO,Taal en cultuur,124.0
2021/2022,Gemeente,Alkmaar,WO,Techniek,62.0
2021/2022,Gemeente,Alkmaar,WO,Totaal energietransitie,213.0
2021/2022,Gemeente,Bergen (NH.),HBO,Economie,216.0
2021/2022,Gemeente,Bergen (NH.),HBO,Gedrag en maatschappij,66.0
2021/2022,Gemeente,Bergen (NH.),HBO,Gezondheidszorg,63.0
2021/2022,Gemeente,Bergen (NH.),HBO,Landbouw en natuurlijke omgeving,16.0
2021/2022,Gemeente,Bergen (NH.),HBO,Onderwijs,79.0
2021/2022,Gemeente,Bergen (NH.),HBO,Taal en cultuur,17.0
2021/2022,Gemeente,Bergen (NH.),HBO,Techniek,110.0
2021/2022,Gemeente,Bergen (NH.),HBO,Totaal energietransitie,110.0
2021/2022,Gemeente,Bergen (NH.),WO,Economie,53.0
2021/2022,Gemeente,Bergen (NH.),WO,Gedrag en maatschappij,58.0
2021/2022,Gemeente,Bergen (NH.),WO,Gezondheidszorg,33.0
2021/2022,Gemeente,Bergen (NH.),WO,Landbouw en natuurlijke omgeving,5.0
2021/2022,Gemeente,Bergen (NH.),WO,Natuur,39.0
2021/2022,Gemeente,Bergen (NH.),WO,Onderwijs,3.0
2021/2022,Gemeente,Bergen (NH.),WO,Recht,42.0
2021/2022,Gemeente,Bergen (NH.),WO,Sectoroverstijgend,12.0
2021/2022,Gemeente,Bergen (NH.),WO,Taal en cultuur,47.0
2021/2022,Gemeente,Bergen (NH.),WO,Techniek,15.0
2021/2022,Gemeente,Bergen (NH.),WO,Totaal energietransitie,54.0
2021/2022,Gemeente,Castricum,HBO,Economie,324.0
2021/2022,Gemeente,Castricum,HBO,Gedrag en maatschappij,108.0
2021/2022,Gemeente,Castricum,HBO,Gezondheidszorg,119.0
2021/2022,Gemeente,Castricum,HBO,Landbouw en natuurlijke omgeving,20.0
2021/2022,Gemeente,Castricum,HBO,Onderwijs,156.0
2021/2022,Gemeente,Castricum,HBO,Sectoroverstijgend,3.0
2021/2022,Gemeente,Castricum,HBO,Taal en cultuur,10.0
2021/2022,Gemeente,Castricum,HBO,Techniek,243.0
2021/2022,Gemeente,Castricum,HBO,Totaal energietransitie,243.0
2021/2022,Gemeente,Castricum,WO,Economie,63.0
2021/2022,Gemeente,Castricum,WO,Gedrag en maatschappij,90.0
2021/2022,Gemeente,Castricum,WO,Gezondheidszorg,80.0
2021/2022,Gemeente,Castricum,WO,Landbouw en natuurlijke omgeving,7.0
2021/2022,Gemeente,Castricum,WO,Natuur,76.0
2021/2022,Gemeente,Castricum,WO,Onderwijs,1.0
2021/2022,Gemeente,Castricum,WO,Recht,45.0
2021/2022,Gemeente,Castricum,WO,Sectoroverstijgend,9.0
2021/2022,Gemeente,Castricum,WO,Taal en cultuur,39.0
2021/2022,Gemeente,Castricum,WO,Techniek,38.0
2021/2022,Gemeente,Castricum,WO,Totaal energietransitie,114.0
2021/2022,Gemeente,Den Helder,HBO,Economie,269.0
2021/2022,Gemeente,Den Helder,HBO,Gedrag en maatschappij,130.0
2021/2022,Gemeente,Den Helder,HBO,Gezondheidszorg,114.0
2021/2022,Gemeente,Den Helder,HBO,Landbouw en natuurlijke omgeving,10.0
2021/2022,Gemeente,Den Helder,HBO,Onderwijs,161.0
2021/2022,Gemeente,Den Helder,HBO,Taal en cultuur,9.0
2021/2022,Gemeente,Den Helder,HBO,Techniek,221.0
2021/2022,Gemeente,Den Helder,HBO,Totaal energietransitie,221.0
2021/2022,Gemeente,Den Helder,WO,Economie,24.0
2021/2022,Gemeente,Den Helder,WO,Gedrag en maatschappij,43.0
2021/2022,Gemeente,Den Helder,WO,Gezondheidszorg,29.0
2021/2022,Gemeente,Den Helder,WO,Landbouw en natuurlijke omgeving,3.0
2021/2022,Gemeente,Den Helder,WO,Natuur,30.0
2021/2022,Gemeente,Den Helder,WO,Onderwijs,2.0
2021/2022,Gemeente,Den Helder,WO,Recht,16.0
2021/2022,Gemeente,Den Helder,WO,Sectoroverstijgend,2.0
2021/2022,Gemeente,Den Helder,WO,Taal en cultuur,13.0
2021/2022,Gemeente,Den Helder,WO,Techniek,7.0
2021/2022,Gemeente,Den Helder,WO,Totaal energietransitie,37.0
2021/2022,Gemeente,Drechterland,HBO,Economie,157.0
2021/2022,Gemeente,Drechterland,HBO,Gedrag en maatschappij,46.0
2021/2022,Gemeente,Drechterland,HBO,Gezondheidszorg,57.0
2021/2022,Gemeente,Drechterland,HBO,Landbouw en natuurlijke omgeving,20.0
2021/2022,Gemeente,Drechterland,HBO,Onderwijs,90.0
2021/2022,Gemeente,Drechterland,HBO,Taal en cultuur,4.0
2021/2022,Gemeente,Drechterland,HBO,Techniek,99.0
2021/2022,Gemeente,Drechterland,HBO,Totaal energietransitie,99.0
2021/2022,Gemeente,Drechterland,WO,Economie,19.0
2021/2022,Gemeente,Drechterland,WO,Gedrag en maatschappij,23.0
2021/2022,Gemeente,Drechterland,WO,Gezondheidszorg,19.0
2021/2022,Gemeente,Drechterland,WO,Landbouw en natuurlijke omgeving,10.0
2021/2022,Gemeente,Drechterland,WO,Natuur,24.0
2021/2022,Gemeente,Drechterland,WO,Recht,21.0
2021/2022,Gemeente,Drechterland,WO,Sectoroverstijgend,2.0
2021/2022,Gemeente,Drechterland,WO,Taal en cultuur,18.0
2021/2022,Gemeente,Drechterland,WO,Techniek,11.0
2021/2022,Gemeente,Drechterland,WO,Totaal energietransitie,35.0
2021/2022,Gemeente,Enkhuizen,HBO,Economie,105.0
2021/2022,Gemeente,Enkhuizen,HBO,Gedrag en maatschappij,32.0
2021/2022,Gemeente,Enkhuizen,HBO,Gezondheidszorg,55.0
2021/2022,Gemeente,Enkhuizen,HBO,Landbouw en natuurlijke omgeving,11.0
2021/2022,Gemeente,Enkhuizen,HBO,Onderwijs,55.0
2021/2022,Gemeente,Enkhuizen,HBO,Taal en cultuur,2.0
2021/2022,Gemeente,Enkhuizen,HBO,Techniek,64.0
2021/2022,Gemeente,Enkhuizen,HBO,Totaal energietransitie,64.0
2021/2022,Gemeente,Enkhuizen,WO,Economie,12.0
2021/2022,Gemeente,Enkhuizen,WO,Gedrag en maatschappij,21.0
2021/2022,Gemeente,Enkhuizen,WO,Gezondheidszorg,9.0
2021/2022,Gemeente,Enkhuizen,WO,Landbouw en natuurlijke omgeving,1.0
2021/2022,Gemeente,Enkhuizen,WO,Natuur,28.0
2021/2022,Gemeente,Enkhuizen,WO,Recht,13.0
2021/2022,Gemeente,Enkhuizen,WO,Sectoroverstijgend,1.0
2021/2022,Gemeente,Enkhuizen,WO,Taal en cultuur,15.0
2021/2022,Gemeente,Enkhuizen,WO,Techniek,4.0
2021/2022,Gemeente,Enkhuizen,WO,Totaal energietransitie,32.0
2021/2022,Gemeente,Heiloo,HBO,Economie,254.0
2021/2022,Gemeente,Heiloo,HBO,Gedrag en maatschappij,70.0
2021/2022,Gemeente,Heiloo,HBO,Gezondheidszorg,70.0
2021/2022,Gemeente,Heiloo,HBO,Landbouw en natuurlijke omgeving,14.0
2021/2022,Gemeente,Heiloo,HBO,Onderwijs,78.0
2021/2022,Gemeente,Heiloo,HBO,Sectoroverstijgend,1.0
2021/2022,Gemeente,Heiloo,HBO,Taal en cultuur,12.0
2021/2022,Gemeente,Heiloo,HBO,Techniek,164.0
2021/2022,Gemeente,Heiloo,HBO,Totaal energietransitie,164.0
2021/2022,Gemeente,Heiloo,WO,Economie,59.0
2021/2022,Gemeente,Heiloo,WO,Gedrag en maatschappij,74.0
2021/2022,Gemeente,Heiloo,WO,Gezondheidszorg,39.0
2021/2022,Gemeente,Heiloo,WO,Landbouw en natuurlijke omgeving,2.0
2021/2022,Gemeente,Heiloo,WO,Natuur,42.0
2021/2022,Gemeente,Heiloo,WO,Onderwijs,2.0
2021/2022,Gemeente,Heiloo,WO,Recht,52.0
2021/2022,Gemeente,Heiloo,WO,Sectoroverstijgend,12.0
2021/2022,Gemeente,Heiloo,WO,Taal en cultuur,29.0
2021/2022,Gemeente,Heiloo,WO,Techniek,21.0
2021/2022,Gemeente,Heiloo,WO,Totaal energietransitie,63.0
2021/2022,Gemeente,Hollands Kroon,HBO,Economie,314.0
2021/2022,Gemeente,Hollands Kroon,HBO,Gedrag en maatschappij,142.0
2021/2022,Gemeente,Hollands Kroon,HBO,Gezondheidszorg,125.0
2021/2022,Gemeente,Hollands Kroon,HBO,Landbouw en natuurlijke omgeving,80.0
2021/2022,Gemeente,Hollands Kroon,HBO,Onderwijs,129.0
2021/2022,Gemeente,Hollands Kroon,HBO,Sectoroverstijgend,1.0
2021/2022,Gemeente,Hollands Kroon,HBO,Taal en cultuur,13.0
2021/2022,Gemeente,Hollands Kroon,HBO,Techniek,231.0
2021/2022,Gemeente,Hollands Kroon,HBO,Totaal energietransitie,231.0
2021/2022,Gemeente,Hollands Kroon,WO,Economie,22.0
2021/2022,Gemeente,Hollands Kroon,WO,Gedrag en maatschappij,52.0
2021/2022,Gemeente,Hollands Kroon,WO,Gezondheidszorg,27.0
2021/2022,Gemeente,Hollands Kroon,WO,Landbouw en natuurlijke omgeving,11.0
2021/2022,Gemeente,Hollands Kroon,WO,Natuur,36.0
2021/2022,Gemeente,Hollands Kroon,WO,Onderwijs,2.0
2021/2022,Gemeente,Hollands Kroon,WO,Recht,30.0
2021/2022,Gemeente,Hollands Kroon,WO,Sectoroverstijgend,2.0
2021/2022,Gemeente,Hollands Kroon,WO,Taal en cultuur,29.0
2021/2022,Gemeente,Hollands Kroon,WO,Techniek,20.0
2021/2022,Gemeente,Hollands Kroon,WO,Totaal energietransitie,56.0
2021/2022,Gemeente,Hoorn,HBO,Economie,608.0
2021/2022,Gemeente,Hoorn,HBO,Gedrag en maatschappij,197.0
2021/2022,Gemeente,Hoorn,HBO,Gezondheidszorg,188.0
2021/2022,Gemeente,Hoorn,HBO,Landbouw en natuurlijke omgeving,29.0
2021/2022,Gemeente,Hoorn,HBO,Onderwijs,263.0
2021/2022,Gemeente,Hoorn,HBO,Sectoroverstijgend,1.0
2021/2022,Gemeente,Hoorn,HBO,Taal en cultuur,28.0
2021/2022,Gemeente,Hoorn,HBO,Techniek,336.0
2021/2022,Gemeente,Hoorn,HBO,Totaal energietransitie,336.0
2021/2022,Gemeente,Hoorn,WO,Economie,94.0
2021/2022,Gemeente,Hoorn,WO,Gedrag en maatschappij,140.0
2021/2022,Gemeente,Hoorn,WO,Gezondheidszorg,77.0
2021/2022,Gemeente,Hoorn,WO,Landbouw en natuurlijke omgeving,5.0
2021/2022,Gemeente,Hoorn,WO,Natuur,105.0
2021/2022,Gemeente,Hoorn,WO,Onderwijs,7.0
2021/2022,Gemeente,Hoorn,WO,Recht,93.0
2021/2022,Gemeente,Hoorn,WO,Sectoroverstijgend,15.0
2021/2022,Gemeente,Hoorn,WO,Taal en cultuur,71.0
2021/2022,Gemeente,Hoorn,WO,Techniek,35.0
2021/2022,Gemeente,Hoorn,WO,Totaal energietransitie,140.0
2021/2022,Gemeente,Koggenland,HBO,Economie,197.0
2021/2022,Gemeente,Koggenland,HBO,Gedrag en maatschappij,58.0
2021/2022,Gemeente,Koggenland,HBO,Gezondheidszorg,65.0
2021/2022,Gemeente,Koggenland,HBO,Landbouw en natuurlijke omgeving,24.0
2021/2022,Gemeente,Koggenland,HBO,Onderwijs,73.0
2021/2022,Gemeente,Koggenland,HBO,Taal en cultuur,8.0
2021/2022,Gemeente,Koggenland,HBO,Techniek,163.0
2021/2022,Gemeente,Koggenland,HBO,Totaal energietransitie,163.0
2021/2022,Gemeente,Koggenland,WO,Economie,18.0
2021/2022,Gemeente,Koggenland,WO,Gedrag en maatschappij,25.0
2021/2022,Gemeente,Koggenland,WO,Gezondheidszorg,20.0
2021/2022,Gemeente,Koggenland,WO,Landbouw en natuurlijke omgeving,5.0
2021/2022,Gemeente,Koggenland,WO,Natuur,29.0
2021/2022,Gemeente,Koggenland,WO,Onderwijs,2.0
2021/2022,Gemeente,Koggenland,WO,Recht,13.0
2021/2022,Gemeente,Koggenland,WO,Sectoroverstijgend,3.0
2021/2022,Gemeente,Koggenland,WO,Taal en cultuur,16.0
2021/2022,Gemeente,Koggenland,WO,Techniek,15.0
2021/2022,Gemeente,Koggenland,WO,Totaal energietransitie,44.0
2021/2022,Gemeente,Medemblik,HBO,Economie,311.0
2021/2022,Gemeente,Medemblik,HBO,Gedrag en maatschappij,90.0
2021/2022,Gemeente,Medemblik,HBO,Gezondheidszorg,120.0
2021/2022,Gemeente,Medemblik,HBO,Landbouw en natuurlijke omgeving,53.0
2021/2022,Gemeente,Medemblik,HBO,Onderwijs,152.0
2021/2022,Gemeente,Medemblik,HBO,Sectoroverstijgend,1.0
2021/2022,Gemeente,Medemblik,HBO,Taal en cultuur,13.0
2021/2022,Gemeente,Medemblik,HBO,Techniek,223.0
2021/2022,Gemeente,Medemblik,HBO,Totaal energietransitie,223.0
2021/2022,Gemeente,Medemblik,WO,Economie,49.0
2021/2022,Gemeente,Medemblik,WO,Gedrag en maatschappij,77.0
2021/2022,Gemeente,Medemblik,WO,Gezondheidszorg,41.0
2021/2022,Gemeente,Medemblik,WO,Landbouw en natuurlijke omgeving,9.0
2021/2022,Gemeente,Medemblik,WO,Natuur,43.0
2021/2022,Gemeente,Medemblik,WO,Onderwijs,2.0
2021/2022,Gemeente,Medemblik,WO,Recht,28.0
2021/2022,Gemeente,Medemblik,WO,Sectoroverstijgend,6.0
2021/2022,Gemeente,Medemblik,WO,Taal en cultuur,33.0
2021/2022,Gemeente,Medemblik,WO,Techniek,13.0
2021/2022,Gemeente,Medemblik,WO,Totaal energietransitie,56.0
2021/2022,Gemeente,Opmeer,HBO,Economie,81.0
2021/2022,Gemeente,Opmeer,HBO,Gedrag en maatschappij,42.0
2021/2022,Gemeente,Opmeer,HBO,Gezondheidszorg,34.0
2021/2022,Gemeente,Opmeer,HBO,Landbouw en natuurlijke omgeving,18.0
2021/2022,Gemeente,Opmeer,HBO,Onderwijs,24.0
2021/2022,Gemeente,Opmeer,HBO,Sectoroverstijgend,1.0
2021/2022,Gemeente,Opmeer,HBO,Taal en cultuur,6.0
2021/2022,Gemeente,Opmeer,HBO,Techniek,66.0
2021/2022,Gemeente,Opmeer,HBO,Totaal energietransitie,66.0
2021/2022,Gemeente,Opmeer,WO,Economie,13.0
2021/2022,Gemeente,Opmeer,WO,Gedrag en maatschappij,17.0
2021/2022,Gemeente,Opmeer,WO,Gezondheidszorg,12.0
2021/2022,Gemeente,Opmeer,WO,Landbouw en natuurlijke omgeving,3.0
2021/2022,Gemeente,Opmeer,WO,Natuur,9.0
2021/2022,Gemeente,Opmeer,WO,Onderwijs,1.0
2021/2022,Gemeente,Opmeer,WO,Recht,14.0
2021/2022,Gemeente,Opmeer,WO,Sectoroverstijgend,1.0
2021/2022,Gemeente,Opmeer,WO,Taal en cultuur,5.0
2021/2022,Gemeente,Opmeer,WO,Techniek,5.0
2021/2022,Gemeente,Opmeer,WO,Totaal energietransitie,14.0
2021/2022,Gemeente,Schagen,HBO,Economie,342.0
2021/2022,Gemeente,Schagen,HBO,Gedrag en maatschappij,136.0
2021/2022,Gemeente,Schagen,HBO,Gezondheidszorg,112.0
2021/2022,Gemeente,Schagen,HBO,Landbouw en natuurlijke omgeving,50.0
2021/2022,Gemeente,Schagen,HBO,Onderwijs,166.0
2021/2022,Gemeente,Schagen,HBO,Sectoroverstijgend,1.0
2021/2022,Gemeente,Schagen,HBO,Taal en cultuur,7.0
2021/2022,Gemeente,Schagen,HBO,Techniek,233.0
2021/2022,Gemeente,Schagen,HBO,Totaal energietransitie,233.0
2021/2022,Gemeente,Schagen,WO,Economie,44.0
2021/2022,Gemeente,Schagen,WO,Gedrag en maatschappij,57.0
2021/2022,Gemeente,Schagen,WO,Gezondheidszorg,38.0
2021/2022,Gemeente,Schagen,WO,Landbouw en natuurlijke omgeving,19.0
2021/2022,Gemeente,Schagen,WO,Natuur,42.0
2021/2022,Gemeente,Schagen,WO,Onderwijs,2.0
2021/2022,Gemeente,Schagen,WO,Recht,34.0
2021/2022,Gemeente,Schagen,WO,Sectoroverstijgend,2.0
2021/2022,Gemeente,Schagen,WO,Taal en cultuur,42.0
2021/2022,Gemeente,Schagen,WO,Techniek,21.0
2021/2022,Gemeente,Schagen,WO,Totaal energietransitie,63.0
2021/2022,Gemeente,Stede Broec,HBO,Economie,165.0
2021/2022,Gemeente,Stede Broec,HBO,Gedrag en maatschappij,67.0
2021/2022,Gemeente,Stede Broec,HBO,Gezondheidszorg,66.0
2021/2022,Gemeente,Stede Broec,HBO,Landbouw en natuurlijke omgeving,23.0
2021/2022,Gemeente,Stede Broec,HBO,Onderwijs,80.0
2021/2022,Gemeente,Stede Broec,HBO,Taal en cultuur,5.0
2021/2022,Gemeente,Stede Broec,HBO,Techniek,98.0
2021/2022,Gemeente,Stede Broec,HBO,Totaal energietransitie,98.0
2021/2022,Gemeente,Stede Broec,WO,Economie,14.0
2021/2022,Gemeente,Stede Broec,WO,Gedrag en maatschappij,33.0
2021/2022,Gemeente,Stede Broec,WO,Gezondheidszorg,27.0
2021/2022,Gemeente,Stede Broec,WO,Landbouw en natuurlijke omgeving,7.0
2021/2022,Gemeente,Stede Broec,WO,Natuur,32.0
2021/2022,Gemeente,Stede Broec,WO,Onderwijs,2.0
2021/2022,Gemeente,Stede Broec,WO,Recht,19.0
2021/2022,Gemeente,Stede Broec,WO,Sectoroverstijgend,2.0
2021/2022,Gemeente,Stede Broec,WO,Taal en cultuur,13.0
2021/2022,Gemeente,Stede Broec,WO,Techniek,3.0
2021/2022,Gemeente,Stede Broec,WO,Totaal energietransitie,35.0
2021/2022,Gemeente,Texel,HBO,Economie,61.0
2021/2022,Gemeente,Texel,HBO,Gedrag en maatschappij,19.0
2021/2022,Gemeente,Texel,HBO,Gezondheidszorg,32.0
2021/2022,Gemeente,Texel,HBO,Landbouw en natuurlijke omgeving,10.0
2021/2022,Gemeente,Texel,HBO,Onderwijs,34.0
2021/2022,Gemeente,Texel,HBO,Taal en cultuur,7.0
2021/2022,Gemeente,Texel,HBO,Techniek,21.0
2021/2022,Gemeente,Texel,HBO,Totaal energietransitie,21.0
2021/2022,Gemeente,Texel,WO,Economie,8.0
2021/2022,Gemeente,Texel,WO,Gedrag en maatschappij,7.0
2021/2022,Gemeente,Texel,WO,Gezondheidszorg,8.0
2021/2022,Gemeente,Texel,WO,Landbouw en natuurlijke omgeving,3.0
2021/2022,Gemeente,Texel,WO,Natuur,19.0
2021/2022,Gemeente,Texel,WO,Recht,11.0
2021/2022,Gemeente,Texel,WO,Sectoroverstijgend,3.0
2021/2022,Gemeente,Texel,WO,Taal en cultuur,12.0
2021/2022,Gemeente,Texel,WO,Techniek,3.0
2021/2022,Gemeente,Texel,WO,Totaal energietransitie,22.0
2021/2022,Gemeente,Uitgeest,HBO,Economie,153.0
2021/2022,Gemeente,Uitgeest,HBO,Gedrag en maatschappij,55.0
2021/2022,Gemeente,Uitgeest,HBO,Gezondheidszorg,47.0
2021/2022,Gemeente,Uitgeest,HBO,Landbouw en natuurlijke omgeving,9.0
2021/2022,Gemeente,Uitgeest,HBO,Onderwijs,67.0
2021/2022,Gemeente,Uitgeest,HBO,Taal en cultuur,8.0
2021/2022,Gemeente,Uitgeest,HBO,Techniek,87.0
2021/2022,Gemeente,Uitgeest,HBO,Totaal energietransitie,87.0
2021/2022,Gemeente,Uitgeest,WO,Economie,20.0
2021/2022,Gemeente,Uitgeest,WO,Gedrag en maatschappij,33.0
2021/2022,Gemeente,Uitgeest,WO,Gezondheidszorg,16.0
2021/2022,Gemeente,Uitgeest,WO,Landbouw en natuurlijke omgeving,1.0
2021/2022,Gemeente,Uitgeest,WO,Natuur,27.0
2021/2022,Gemeente,Uitgeest,WO,Recht,19.0
2021/2022,Gemeente,Uitgeest,WO,Sectoroverstijgend,1.0
2021/2022,Gemeente,Uitgeest,WO,Taal en cultuur,22.0
2021/2022,Gemeente,Uitgeest,WO,Techniek,17.0
2021/2022,Gemeente,Uitgeest,WO,Totaal energietransitie,44.0
2022/2023,Gemeente,Alkmaar,HBO,Economie,805.0
2022/2023,Gemeente,Alkmaar,HBO,Gedrag en maatschappij,407.0
2022/2023,Gemeente,Alkmaar,HBO,Gezondheidszorg,325.0
2022/2023,Gemeente,Alkmaar,HBO,Landbouw en natuurlijke omgeving,44.0
2022/2023,Gemeente,Alkmaar,HBO,Onderwijs,375.0
2022/2023,Gemeente,Alkmaar,HBO,Taal en cultuur,45.0
2022/2023,Gemeente,Alkmaar,HBO,Techniek,462.0
2022/2023,Gemeente,Alkmaar,HBO,Totaal energietransitie,462.0
2022/2023,Gemeente,Alkmaar,WO,Economie,124.0
2022/2023,Gemeente,Alkmaar,WO,Gedrag en maatschappij,208.0
2022/2023,Gemeente,Alkmaar,WO,Gezondheidszorg,104.0
2022/2023,Gemeente,Alkmaar,WO,Landbouw en natuurlijke omgeving,13.0
2022/2023,Gemeente,Alkmaar,WO,Natuur,149.0
2022/2023,Gemeente,Alkmaar,WO,Onderwijs,7.0
2022/2023,Gemeente,Alkmaar,WO,Recht,135.0
2022/2023,Gemeente,Alkmaar,WO,Sectoroverstijgend,23.0
2022/2023,Gemeente,Alkmaar,WO,Taal en cultuur,126.0
2022/2023,Gemeente,Alkmaar,WO,Techniek,42.0
2022/2023,Gemeente,Alkmaar,WO,Totaal energietransitie,191.0
2022/2023,Gemeente,Bergen (NH.),HBO,Economie,192.0
2022/2023,Gemeente,Bergen (NH.),HBO,Gedrag en maatschappij,59.0
2022/2023,Gemeente,Bergen (NH.),HBO,Gezondheidszorg,65.0
2022/2023,Gemeente,Bergen (NH.),HBO,Landbouw en natuurlijke omgeving,14.0
2022/2023,Gemeente,Bergen (NH.),HBO,Onderwijs,78.0
2022/2023,Gemeente,Bergen (NH.),HBO,Sectoroverstijgend,1.0
2022/2023,Gemeente,Bergen (NH.),HBO,Taal en cultuur,16.0
2022/2023,Gemeente,Bergen (NH.),HBO,Techniek,108.0
2022/2023,Gemeente,Bergen (NH.),HBO,Totaal energietransitie,108.0
2022/2023,Gemeente,Bergen (NH.),WO,Economie,46.0
2022/2023,Gemeente,Bergen (NH.),WO,Gedrag en maatschappij,62.0
2022/2023,Gemeente,Bergen (NH.),WO,Gezondheidszorg,34.0
2022/2023,Gemeente,Bergen (NH.),WO,Landbouw en natuurlijke omgeving,4.0
2022/2023,Gemeente,Bergen (NH.),WO,Natuur,31.0
2022/2023,Gemeente,Bergen (NH.),WO,Recht,39.0
2022/2023,Gemeente,Bergen (NH.),WO,Sectoroverstijgend,8.0
2022/2023,Gemeente,Bergen (NH.),WO,Taal en cultuur,47.0
2022/2023,Gemeente,Bergen (NH.),WO,Techniek,13.0
2022/2023,Gemeente,Bergen (NH.),WO,Totaal energietransitie,44.0
2022/2023,Gemeente,Castricum,HBO,Economie,308.0
2022/2023,Gemeente,Castricum,HBO,Gedrag en maatschappij,94.0
2022/2023,Gemeente,Castricum,HBO,Gezondheidszorg,137.0
2022/2023,Gemeente,Castricum,HBO,Landbouw en natuurlijke omgeving,20.0
2022/2023,Gemeente,Castricum,HBO,Onderwijs,141.0
2022/2023,Gemeente,Castricum,HBO,Sectoroverstijgend,3.0
2022/2023,Gemeente,Castricum,HBO,Taal en cultuur,13.0
2022/2023,Gemeente,Castricum,HBO,Techniek,217.0
2022/2023,Gemeente,Castricum,HBO,Totaal energietransitie,217.0
2022/2023,Gemeente,Castricum,WO,Economie,57.0
2022/2023,Gemeente,Castricum,WO,Gedrag en maatschappij,90.0
2022/2023,Gemeente,Castricum,WO,Gezondheidszorg,69.0
2022/2023,Gemeente,Castricum,WO,Landbouw en natuurlijke omgeving,3.0
2022/2023,Gemeente,Castricum,WO,Natuur,87.0
2022/2023,Gemeente,Castricum,WO,Onderwijs,2.0
2022/2023,Gemeente,Castricum,WO,Recht,49.0
2022/2023,Gemeente,Castricum,WO,Sectoroverstijgend,10.0
2022/2023,Gemeente,Castricum,WO,Taal en cultuur,36.0
2022/2023,Gemeente,Castricum,WO,Techniek,37.0
2022/2023,Gemeente,Castricum,WO,Totaal energietransitie,124.0
2022/2023,Gemeente,Den Helder,HBO,Economie,280.0
2022/2023,Gemeente,Den Helder,HBO,Gedrag en maatschappij,127.0
2022/2023,Gemeente,Den Helder,HBO,Gezondheidszorg,112.0
2022/2023,Gemeente,Den Helder,HBO,Landbouw en natuurlijke omgeving,11.0
2022/2023,Gemeente,Den Helder,HBO,Onderwijs,169.0
2022/2023,Gemeente,Den Helder,HBO,Taal en cultuur,7.0
2022/2023,Gemeente,Den Helder,HBO,Techniek,219.0
2022/2023,Gemeente,Den Helder,HBO,Totaal energietransitie,219.0
2022/2023,Gemeente,Den Helder,WO,Economie,24.0
2022/2023,Gemeente,Den Helder,WO,Gedrag en maatschappij,39.0
2022/2023,Gemeente,Den Helder,WO,Gezondheidszorg,22.0
2022/2023,Gemeente,Den Helder,WO,Landbouw en natuurlijke omgeving,3.0
2022/2023,Gemeente,Den Helder,WO,Natuur,41.0
2022/2023,Gemeente,Den Helder,WO,Onderwijs,2.0
2022/2023,Gemeente,Den Helder,WO,Recht,17.0
2022/2023,Gemeente,Den Helder,WO,Sectoroverstijgend,1.0
2022/2023,Gemeente,Den Helder,WO,Taal en cultuur,14.0
2022/2023,Gemeente,Den Helder,WO,Techniek,7.0
2022/2023,Gemeente,Den Helder,WO,Totaal energietransitie,48.0
2022/2023,Gemeente,Drechterland,HBO,Economie,141.0
2022/2023,Gemeente,Drechterland,HBO,Gedrag en maatschappij,63.0
2022/2023,Gemeente,Drechterland,HBO,Gezondheidszorg,71.0
2022/2023,Gemeente,Drechterland,HBO,Landbouw en natuurlijke omgeving,20.0
2022/2023,Gemeente,Drechterland,HBO,Onderwijs,90.0
2022/2023,Gemeente,Drechterland,HBO,Taal en cultuur,3.0
2022/2023,Gemeente,Drechterland,HBO,Techniek,98.0
2022/2023,Gemeente,Drechterland,HBO,Totaal energietransitie,98.0
2022/2023,Gemeente,Drechterland,WO,Economie,15.0
2022/2023,Gemeente,Drechterland,WO,Gedrag en maatschappij,30.0
2022/2023,Gemeente,Drechterland,WO,Gezondheidszorg,27.0
2022/2023,Gemeente,Drechterland,WO,Landbouw en natuurlijke omgeving,10.0
2022/2023,Gemeente,Drechterland,WO,Natuur,24.0
2022/2023,Gemeente,Drechterland,WO,Recht,22.0
2022/2023,Gemeente,Drechterland,WO,Sectoroverstijgend,4.0
2022/2023,Gemeente,Drechterland,WO,Taal en cultuur,20.0
2022/2023,Gemeente,Drechterland,WO,Techniek,11.0
2022/2023,Gemeente,Drechterland,WO,Totaal energietransitie,35.0
2022/2023,Gemeente,Enkhuizen,HBO,Economie,102.0
2022/2023,Gemeente,Enkhuizen,HBO,Gedrag en maatschappij,28.0
2022/2023,Gemeente,Enkhuizen,HBO,Gezondheidszorg,50.0
2022/2023,Gemeente,Enkhuizen,HBO,Landbouw en natuurlijke omgeving,10.0
2022/2023,Gemeente,Enkhuizen,HBO,Onderwijs,72.0
2022/2023,Gemeente,Enkhuizen,HBO,Taal en cultuur,5.0
2022/2023,Gemeente,Enkhuizen,HBO,Techniek,72.0
2022/2023,Gemeente,Enkhuizen,HBO,Totaal energietransitie,72.0
2022/2023,Gemeente,Enkhuizen,WO,Economie,10.0
2022/2023,Gemeente,Enkhuizen,WO,Gedrag en maatschappij,18.0
2022/2023,Gemeente,Enkhuizen,WO,Gezondheidszorg,18.0
2022/2023,Gemeente,Enkhuizen,WO,Landbouw en natuurlijke omgeving,5.0
2022/2023,Gemeente,Enkhuizen,WO,Natuur,23.0
2022/2023,Gemeente,Enkhuizen,WO,Onderwijs,1.0
2022/2023,Gemeente,Enkhuizen,WO,Recht,12.0
2022/2023,Gemeente,Enkhuizen,WO,Sectoroverstijgend,3.0
2022/2023,Gemeente,Enkhuizen,WO,Taal en cultuur,13.0
2022/2023,Gemeente,Enkhuizen,WO,Techniek,3.0
2022/2023,Gemeente,Enkhuizen,WO,Totaal energietransitie,26.0
2022/2023,Gemeente,Heiloo,HBO,Economie,241.0
2022/2023,Gemeente,Heiloo,HBO,Gedrag en maatschappij,74.0
2022/2023,Gemeente,Heiloo,HBO,Gezondheidszorg,75.0
2022/2023,Gemeente,Heiloo,HBO,Landbouw en natuurlijke omgeving,16.0
2022/2023,Gemeente,Heiloo,HBO,Onderwijs,79.0
2022/2023,Gemeente,Heiloo,HBO,Sectoroverstijgend,1.0
2022/2023,Gemeente,Heiloo,HBO,Taal en cultuur,15.0
2022/2023,Gemeente,Heiloo,HBO,Techniek,149.0
2022/2023,Gemeente,Heiloo,HBO,Totaal energietransitie,149.0
2022/2023,Gemeente,Heiloo,WO,Economie,53.0
2022/2023,Gemeente,Heiloo,WO,Gedrag en maatschappij,82.0
2022/2023,Gemeente,Heiloo,WO,Gezondheidszorg,38.0
2022/2023,Gemeente,Heiloo,WO,Landbouw en natuurlijke omgeving,3.0
2022/2023,Gemeente,Heiloo,WO,Natuur,49.0
2022/2023,Gemeente,Heiloo,WO,Onderwijs,2.0
2022/2023,Gemeente,Heiloo,WO,Recht,45.0
2022/2023,Gemeente,Heiloo,WO,Sectoroverstijgend,14.0
2022/2023,Gemeente,Heiloo,WO,Taal en cultuur,33.0
2022/2023,Gemeente,Heiloo,WO,Techniek,22.0
2022/2023,Gemeente,Heiloo,WO,Totaal energietransitie,71.0
2022/2023,Gemeente,Hollands Kroon,HBO,Economie,282.0
2022/2023,Gemeente,Hollands Kroon,HBO,Gedrag en maatschappij,129.0
2022/2023,Gemeente,Hollands Kroon,HBO,Gezondheidszorg,113.0
2022/2023,Gemeente,Hollands Kroon,HBO,Landbouw en natuurlijke omgeving,80.0
2022/2023,Gemeente,Hollands Kroon,HBO,Onderwijs,141.0
2022/2023,Gemeente,Hollands Kroon,HBO,Taal en cultuur,11.0
2022/2023,Gemeente,Hollands Kroon,HBO,Techniek,217.0
2022/2023,Gemeente,Hollands Kroon,HBO,Totaal energietransitie,217.0
2022/2023,Gemeente,Hollands Kroon,WO,Economie,28.0
2022/2023,Gemeente,Hollands Kroon,WO,Gedrag en maatschappij,56.0
2022/2023,Gemeente,Hollands Kroon,WO,Gezondheidszorg,28.0
2022/2023,Gemeente,Hollands Kroon,WO,Landbouw en natuurlijke omgeving,7.0
2022/2023,Gemeente,Hollands Kroon,WO,Natuur,35.0
2022/2023,Gemeente,Hollands Kroon,WO,Onderwijs,2.0
2022/2023,Gemeente,Hollands Kroon,WO,Recht,34.0
2022/2023,Gemeente,Hollands Kroon,WO,Sectoroverstijgend,2.0
2022/2023,Gemeente,Hollands Kroon,WO,Taal en cultuur,30.0
2022/2023,Gemeente,Hollands Kroon,WO,Techniek,12.0
2022/2023,Gemeente,Hollands Kroon,WO,Totaal energietransitie,47.0
2022/2023,Gemeente,Hoorn,HBO,Economie,567.0
2022/2023,Gemeente,Hoorn,HBO,Gedrag en maatschappij,185.0
2022/2023,Gemeente,Hoorn,HBO,Gezondheidszorg,196.0
2022/2023,Gemeente,Hoorn,HBO,Landbouw en natuurlijke omgeving,25.0
2022/2023,Gemeente,Hoorn,HBO,Onderwijs,257.0
2022/2023,Gemeente,Hoorn,HBO,Sectoroverstijgend,3.0
2022/2023,Gemeente,Hoorn,HBO,Taal en cultuur,27.0
2022/2023,Gemeente,Hoorn,HBO,Techniek,331.0
2022/2023,Gemeente,Hoorn,HBO,Totaal energietransitie,331.0
2022/2023,Gemeente,Hoorn,WO,Economie,93.0
2022/2023,Gemeente,Hoorn,WO,Gedrag en maatschappij,135.0
2022/2023,Gemeente,Hoorn,WO,Gezondheidszorg,91.0
2022/2023,Gemeente,Hoorn,WO,Landbouw en natuurlijke omgeving,3.0
2022/2023,Gemeente,Hoorn,WO,Natuur,104.0
2022/2023,Gemeente,Hoorn,WO,Onderwijs,5.0
2022/2023,Gemeente,Hoorn,WO,Recht,93.0
2022/2023,Gemeente,Hoorn,WO,Sectoroverstijgend,12.0
2022/2023,Gemeente,Hoorn,WO,Taal en cultuur,73.0
2022/2023,Gemeente,Hoorn,WO,Techniek,20.0
2022/2023,Gemeente,Hoorn,WO,Totaal energietransitie,124.0
2022/2023,Gemeente,Koggenland,HBO,Economie,185.0
2022/2023,Gemeente,Koggenland,HBO,Gedrag en maatschappij,69.0
2022/2023,Gemeente,Koggenland,HBO,Gezondheidszorg,79.0
2022/2023,Gemeente,Koggenland,HBO,Landbouw en natuurlijke omgeving,25.0
2022/2023,Gemeente,Koggenland,HBO,Onderwijs,74.0
2022/2023,Gemeente,Koggenland,HBO,Sectoroverstijgend,1.0
2022/2023,Gemeente,Koggenland,HBO,Taal en cultuur,6.0
2022/2023,Gemeente,Koggenland,HBO,Techniek,139.0
2022/2023,Gemeente,Koggenland,HBO,Totaal energietransitie,139.0
2022/2023,Gemeente,Koggenland,WO,Economie,19.0
2022/2023,Gemeente,Koggenland,WO,Gedrag en maatschappij,29.0
2022/2023,Gemeente,Koggenland,WO,Gezondheidszorg,22.0
2022/2023,Gemeente,Koggenland,WO,Landbouw en natuurlijke omgeving,5.0
2022/2023,Gemeente,Koggenland,WO,Natuur,38.0
2022/2023,Gemeente,Koggenland,WO,Onderwijs,1.0
2022/2023,Gemeente,Koggenland,WO,Recht,13.0
2022/2023,Gemeente,Koggenland,WO,Sectoroverstijgend,2.0
2022/2023,Gemeente,Koggenland,WO,Taal en cultuur,15.0
2022/2023,Gemeente,Koggenland,WO,Techniek,12.0
2022/2023,Gemeente,Koggenland,WO,Totaal energietransitie,50.0
2022/2023,Gemeente,Medemblik,HBO,Economie,301.0
2022/2023,Gemeente,Medemblik,HBO,Gedrag en maatschappij,95.0
2022/2023,Gemeente,Medemblik,HBO,Gezondheidszorg,97.0
2022/2023,Gemeente,Medemblik,HBO,Landbouw en natuurlijke omgeving,46.0
2022/2023,Gemeente,Medemblik,HBO,Onderwijs,161.0
2022/2023,Gemeente,Medemblik,HBO,Taal en cultuur,7.0
2022/2023,Gemeente,Medemblik,HBO,Techniek,206.0
2022/2023,Gemeente,Medemblik,HBO,Totaal energietransitie,206.0
2022/2023,Gemeente,Medemblik,WO,Economie,45.0
2022/2023,Gemeente,Medemblik,WO,Gedrag en maatschappij,70.0
2022/2023,Gemeente,Medemblik,WO,Gezondheidszorg,41.0
2022/2023,Gemeente,Medemblik,WO,Landbouw en natuurlijke omgeving,8.0
2022/2023,Gemeente,Medemblik,WO,Natuur,43.0
2022/2023,Gemeente,Medemblik,WO,Onderwijs,1.0
2022/2023,Gemeente,Medemblik,WO,Recht,36.0
2022/2023,Gemeente,Medemblik,WO,Sectoroverstijgend,3.0
2022/2023,Gemeente,Medemblik,WO,Taal en cultuur,28.0
2022/2023,Gemeente,Medemblik,WO,Techniek,13.0
2022/2023,Gemeente,Medemblik,WO,Totaal energietransitie,56.0
2022/2023,Gemeente,Opmeer,HBO,Economie,86.0
2022/2023,Gemeente,Opmeer,HBO,Gedrag en maatschappij,33.0
2022/2023,Gemeente,Opmeer,HBO,Gezondheidszorg,37.0
2022/2023,Gemeente,Opmeer,HBO,Landbouw en natuurlijke omgeving,17.0
2022/2023,Gemeente,Opmeer,HBO,Onderwijs,24.0
2022/2023,Gemeente,Opmeer,HBO,Sectoroverstijgend,2.0
2022/2023,Gemeente,Opmeer,HBO,Taal en cultuur,2.0
2022/2023,Gemeente,Opmeer,HBO,Techniek,63.0
2022/2023,Gemeente,Opmeer,HBO,Totaal energietransitie,63.0
2022/2023,Gemeente,Opmeer,WO,Economie,7.0
2022/2023,Gemeente,Opmeer,WO,Gedrag en maatschappij,14.0
2022/2023,Gemeente,Opmeer,WO,Gezondheidszorg,10.0
2022/2023,Gemeente,Opmeer,WO,Landbouw en natuurlijke omgeving,3.0
2022/2023,Gemeente,Opmeer,WO,Natuur,10.0
2022/2023,Gemeente,Opmeer,WO,Recht,13.0
2022/2023,Gemeente,Opmeer,WO,Sectoroverstijgend,1.0
2022/2023,Gemeente,Opmeer,WO,Taal en cultuur,6.0
2022/2023,Gemeente,Opmeer,WO,Techniek,6.0
2022/2023,Gemeente,Opmeer,WO,Totaal energietransitie,16.0
2022/2023,Gemeente,Schagen,HBO,Economie,293.0
2022/2023,Gemeente,Schagen,HBO,Gedrag en maatschappij,113.0
2022/2023,Gemeente,Schagen,HBO,Gezondheidszorg,126.0
2022/2023,Gemeente,Schagen,HBO,Landbouw en natuurlijke omgeving,43.0
2022/2023,Gemeente,Schagen,HBO,Onderwijs,160.0
2022/2023,Gemeente,Schagen,HBO,Sectoroverstijgend,1.0
2022/2023,Gemeente,Schagen,HBO,Taal en cultuur,9.0
2022/2023,Gemeente,Schagen,HBO,Techniek,225.0
2022/2023,Gemeente,Schagen,HBO,Totaal energietransitie,225.0
2022/2023,Gemeente,Schagen,WO,Economie,44.0
2022/2023,Gemeente,Schagen,WO,Gedrag en maatschappij,63.0
2022/2023,Gemeente,Schagen,WO,Gezondheidszorg,37.0
2022/2023,Gemeente,Schagen,WO,Landbouw en natuurlijke omgeving,11.0
2022/2023,Gemeente,Schagen,WO,Natuur,45.0
2022/2023,Gemeente,Schagen,WO,Onderwijs,4.0
2022/2023,Gemeente,Schagen,WO,Recht,39.0
2022/2023,Gemeente,Schagen,WO,Sectoroverstijgend,5.0
2022/2023,Gemeente,Schagen,WO,Taal en cultuur,41.0
2022/2023,Gemeente,Schagen,WO,Techniek,13.0
2022/2023,Gemeente,Schagen,WO,Totaal energietransitie,58.0
2022/2023,Gemeente,Stede Broec,HBO,Economie,162.0
2022/2023,Gemeente,Stede Broec,HBO,Gedrag en maatschappij,64.0
2022/2023,Gemeente,Stede Broec,HBO,Gezondheidszorg,63.0
2022/2023,Gemeente,Stede Broec,HBO,Landbouw en natuurlijke omgeving,15.0
2022/2023,Gemeente,Stede Broec,HBO,Onderwijs,87.0
2022/2023,Gemeente,Stede Broec,HBO,Taal en cultuur,5.0
2022/2023,Gemeente,Stede Broec,HBO,Techniek,86.0
2022/2023,Gemeente,Stede Broec,HBO,Totaal energietransitie,86.0
2022/2023,Gemeente,Stede Broec,WO,Economie,9.0
2022/2023,Gemeente,Stede Broec,WO,Gedrag en maatschappij,31.0
2022/2023,Gemeente,Stede Broec,WO,Gezondheidszorg,21.0
2022/2023,Gemeente,Stede Broec,WO,Landbouw en natuurlijke omgeving,4.0
2022/2023,Gemeente,Stede Broec,WO,Natuur,32.0
2022/2023,Gemeente,Stede Broec,WO,Onderwijs,1.0
2022/2023,Gemeente,Stede Broec,WO,Recht,20.0
2022/2023,Gemeente,Stede Broec,WO,Sectoroverstijgend,3.0
2022/2023,Gemeente,Stede Broec,WO,Taal en cultuur,18.0
2022/2023,Gemeente,Stede Broec,WO,Techniek,2.0
2022/2023,Gemeente,Stede Broec,WO,Totaal energietransitie,34.0
2022/2023,Gemeente,Texel,HBO,Economie,71.0
2022/2023,Gemeente,Texel,HBO,Gedrag en maatschappij,20.0
2022/2023,Gemeente,Texel,HBO,Gezondheidszorg,25.0
2022/2023,Gemeente,Texel,HBO,Landbouw en natuurlijke omgeving,9.0
2022/2023,Gemeente,Texel,HBO,Onderwijs,28.0
2022/2023,Gemeente,Texel,HBO,Taal en cultuur,6.0
2022/2023,Gemeente,Texel,HBO,Techniek,19.0
2022/2023,Gemeente,Texel,HBO,Totaal energietransitie,19.0
2022/2023,Gemeente,Texel,WO,Economie,7.0
2022/2023,Gemeente,Texel,WO,Gedrag en maatschappij,14.0
2022/2023,Gemeente,Texel,WO,Gezondheidszorg,8.0
2022/2023,Gemeente,Texel,WO,Landbouw en natuurlijke omgeving,6.0
2022/2023,Gemeente,Texel,WO,Natuur,17.0
2022/2023,Gemeente,Texel,WO,Recht,8.0
2022/2023,Gemeente,Texel,WO,Sectoroverstijgend,5.0
2022/2023,Gemeente,Texel,WO,Taal en cultuur,11.0
2022/2023,Gemeente,Texel,WO,Techniek,5.0
2022/2023,Gemeente,Texel,WO,Totaal energietransitie,22.0
2022/2023,Gemeente,Uitgeest,HBO,Economie,146.0
2022/2023,Gemeente,Uitgeest,HBO,Gedrag en maatschappij,50.0
2022/2023,Gemeente,Uitgeest,HBO,Gezondheidszorg,38.0
2022/2023,Gemeente,Uitgeest,HBO,Landbouw en natuurlijke omgeving,9.0
2022/2023,Gemeente,Uitgeest,HBO,Onderwijs,62.0
2022/2023,Gemeente,Uitgeest,HBO,Taal en cultuur,11.0
2022/2023,Gemeente,Uitgeest,HBO,Techniek,89.0
2022/2023,Gemeente,Uitgeest,HBO,Totaal energietransitie,89.0
2022/2023,Gemeente,Uitgeest,WO,Economie,24.0
2022/2023,Gemeente,Uitgeest,WO,Gedrag en maatschappij,33.0
2022/2023,Gemeente,Uitgeest,WO,Gezondheidszorg,20.0
2022/2023,Gemeente,Uitgeest,WO,Natuur,22.0
2022/2023,Gemeente,Uitgeest,WO,Recht,14.0
2022/2023,Gemeente,Uitgeest,WO,Sectoroverstijgend,1.0
2022/2023,Gemeente,Uitgeest,WO,Taal en cultuur,18.0
2022/2023,Gemeente,Uitgeest,WO,Techniek,21.0
2022/2023,Gemeente,Uitgeest,WO,Totaal energietransitie,43.0
