Schooljaar;Niveau regio;Regio;Soort hoger onderwijs;Opleidingssector;Aantal
2022/2023;Gemeente;Alkmaar;Totaal;Totaal;3394.00
2022/2023;Gemeente;Alkmaar;Totaal;Economie;929.00
2022/2023;Gemeente;Alkmaar;Totaal;Gedrag en maatschappij;615.00
2022/2023;Gemeente;Alkmaar;Totaal;Gezondheidszorg;429.00
2022/2023;Gemeente;Alkmaar;Totaal;Landbouw en natuurlijke omgeving;57.00
2022/2023;Gemeente;Alkmaar;Totaal;Natuur;149.00
2022/2023;Gemeente;Alkmaar;Totaal;Onderwijs;382.00
2022/2023;Gemeente;Alkmaar;Totaal;Recht;135.00
2022/2023;Gemeente;Alkmaar;Totaal;Sectoroverstijgend;23.00
2022/2023;Gemeente;Alkmaar;Totaal;Taal en cultuur;171.00
2022/2023;Gemeente;Alkmaar;Totaal;Techniek;504.00
2022/2023;Gemeente;Alkmaar;Totaal;Totaal energietransitie;653.00
2022/2023;Gemeente;Alkmaar;HBO;Totaal;2463.00
2022/2023;Gemeente;Alkmaar;HBO;Economie;805.00
2022/2023;Gemeente;Alkmaar;HBO;Gedrag en maatschappij;407.00
2022/2023;Gemeente;Alkmaar;HBO;Gezondheidszorg;325.00
2022/2023;Gemeente;Alkmaar;HBO;Landbouw en natuurlijke omgeving;44.00
2022/2023;Gemeente;Alkmaar;HBO;Onderwijs;375.00
2022/2023;Gemeente;Alkmaar;HBO;Taal en cultuur;45.00
2022/2023;Gemeente;Alkmaar;HBO;Techniek;462.00
2022/2023;Gemeente;Alkmaar;HBO;Totaal energietransitie;462.00
2022/2023;Gemeente;Alkmaar;WO;Totaal;931.00
2022/2023;Gemeente;Alkmaar;WO;Economie;124.00
2022/2023;Gemeente;Alkmaar;WO;Gedrag en maatschappij;208.00
2022/2023;Gemeente;Alkmaar;WO;Gezondheidszorg;104.00
2022/2023;Gemeente;Alkmaar;WO;Landbouw en natuurlijke omgeving;13.00
2022/2023;Gemeente;Alkmaar;WO;Natuur;149.00
2022/2023;Gemeente;Alkmaar;WO;Onderwijs;7.00
2022/2023;Gemeente;Alkmaar;WO;Recht;135.00
2022/2023;Gemeente;Alkmaar;WO;Sectoroverstijgend;23.00
2022/2023;Gemeente;Alkmaar;WO;Taal en cultuur;126.00
2022/2023;Gemeente;Alkmaar;WO;Techniek;42.00
2022/2023;Gemeente;Alkmaar;WO;Totaal energietransitie;191.00
2022/2023;Gemeente;Bergen (NH.);Totaal;Totaal;817.00
2022/2023;Gemeente;Bergen (NH.);Totaal;Economie;238.00
2022/2023;Gemeente;Bergen (NH.);Totaal;Gedrag en maatschappij;121.00
2022/2023;Gemeente;Bergen (NH.);Totaal;Gezondheidszorg;99.00
2022/2023;Gemeente;Bergen (NH.);Totaal;Landbouw en natuurlijke omgeving;18.00
2022/2023;Gemeente;Bergen (NH.);Totaal;Natuur;31.00
2022/2023;Gemeente;Bergen (NH.);Totaal;Onderwijs;78.00
2022/2023;Gemeente;Bergen (NH.);Totaal;Recht;39.00
2022/2023;Gemeente;Bergen (NH.);Totaal;Sectoroverstijgend;9.00
2022/2023;Gemeente;Bergen (NH.);Totaal;Taal en cultuur;63.00
2022/2023;Gemeente;Bergen (NH.);Totaal;Techniek;121.00
2022/2023;Gemeente;Bergen (NH.);Totaal;Totaal energietransitie;152.00
2022/2023;Gemeente;Bergen (NH.);HBO;Totaal;533.00
2022/2023;Gemeente;Bergen (NH.);HBO;Economie;192.00
2022/2023;Gemeente;Bergen (NH.);HBO;Gedrag en maatschappij;59.00
2022/2023;Gemeente;Bergen (NH.);HBO;Gezondheidszorg;65.00
2022/2023;Gemeente;Bergen (NH.);HBO;Landbouw en natuurlijke omgeving;14.00
2022/2023;Gemeente;Bergen (NH.);HBO;Onderwijs;78.00
2022/2023;Gemeente;Bergen (NH.);HBO;Sectoroverstijgend;1.00
2022/2023;Gemeente;Bergen (NH.);HBO;Taal en cultuur;16.00
2022/2023;Gemeente;Bergen (NH.);HBO;Techniek;108.00
2022/2023;Gemeente;Bergen (NH.);HBO;Totaal energietransitie;108.00
2022/2023;Gemeente;Bergen (NH.);WO;Totaal;284.00
2022/2023;Gemeente;Bergen (NH.);WO;Economie;46.00
2022/2023;Gemeente;Bergen (NH.);WO;Gedrag en maatschappij;62.00
2022/2023;Gemeente;Bergen (NH.);WO;Gezondheidszorg;34.00
2022/2023;Gemeente;Bergen (NH.);WO;Landbouw en natuurlijke omgeving;4.00
2022/2023;Gemeente;Bergen (NH.);WO;Natuur;31.00
2022/2023;Gemeente;Bergen (NH.);WO;Recht;39.00
2022/2023;Gemeente;Bergen (NH.);WO;Sectoroverstijgend;8.00
2022/2023;Gemeente;Bergen (NH.);WO;Taal en cultuur;47.00
2022/2023;Gemeente;Bergen (NH.);WO;Techniek;13.00
2022/2023;Gemeente;Bergen (NH.);WO;Totaal energietransitie;44.00
2022/2023;Gemeente;Castricum;Totaal;Totaal;1373.00
2022/2023;Gemeente;Castricum;Totaal;Economie;365.00
2022/2023;Gemeente;Castricum;Totaal;Gedrag en maatschappij;184.00
2022/2023;Gemeente;Castricum;Totaal;Gezondheidszorg;206.00
2022/2023;Gemeente;Castricum;Totaal;Landbouw en natuurlijke omgeving;23.00
2022/2023;Gemeente;Castricum;Totaal;Natuur;87.00
2022/2023;Gemeente;Castricum;Totaal;Onderwijs;143.00
2022/2023;Gemeente;Castricum;Totaal;Recht;49.00
2022/2023;Gemeente;Castricum;Totaal;Sectoroverstijgend;13.00
2022/2023;Gemeente;Castricum;Totaal;Taal en cultuur;49.00
2022/2023;Gemeente;Castricum;Totaal;Techniek;254.00
2022/2023;Gemeente;Castricum;Totaal;Totaal energietransitie;341.00
2022/2023;Gemeente;Castricum;HBO;Totaal;933.00
2022/2023;Gemeente;Castricum;HBO;Economie;308.00
2022/2023;Gemeente;Castricum;HBO;Gedrag en maatschappij;94.00
2022/2023;Gemeente;Castricum;HBO;Gezondheidszorg;137.00
2022/2023;Gemeente;Castricum;HBO;Landbouw en natuurlijke omgeving;20.00
2022/2023;Gemeente;Castricum;HBO;Onderwijs;141.00
2022/2023;Gemeente;Castricum;HBO;Sectoroverstijgend;3.00
2022/2023;Gemeente;Castricum;HBO;Taal en cultuur;13.00
2022/2023;Gemeente;Castricum;HBO;Techniek;217.00
2022/2023;Gemeente;Castricum;HBO;Totaal energietransitie;217.00
2022/2023;Gemeente;Castricum;WO;Totaal;440.00
2022/2023;Gemeente;Castricum;WO;Economie;57.00
2022/2023;Gemeente;Castricum;WO;Gedrag en maatschappij;90.00
2022/2023;Gemeente;Castricum;WO;Gezondheidszorg;69.00
2022/2023;Gemeente;Castricum;WO;Landbouw en natuurlijke omgeving;3.00
2022/2023;Gemeente;Castricum;WO;Natuur;87.00
2022/2023;Gemeente;Castricum;WO;Onderwijs;2.00
2022/2023;Gemeente;Castricum;WO;Recht;49.00
2022/2023;Gemeente;Castricum;WO;Sectoroverstijgend;10.00
2022/2023;Gemeente;Castricum;WO;Taal en cultuur;36.00
2022/2023;Gemeente;Castricum;WO;Techniek;37.00
2022/2023;Gemeente;Castricum;WO;Totaal energietransitie;124.00
2022/2023;Gemeente;Den Helder;Totaal;Totaal;1095.00
2022/2023;Gemeente;Den Helder;Totaal;Economie;304.00
2022/2023;Gemeente;Den Helder;Totaal;Gedrag en maatschappij;166.00
2022/2023;Gemeente;Den Helder;Totaal;Gezondheidszorg;134.00
2022/2023;Gemeente;Den Helder;Totaal;Landbouw en natuurlijke omgeving;14.00
2022/2023;Gemeente;Den Helder;Totaal;Natuur;41.00
2022/2023;Gemeente;Den Helder;Totaal;Onderwijs;171.00
2022/2023;Gemeente;Den Helder;Totaal;Recht;17.00
2022/2023;Gemeente;Den Helder;Totaal;Sectoroverstijgend;1.00
2022/2023;Gemeente;Den Helder;Totaal;Taal en cultuur;21.00
2022/2023;Gemeente;Den Helder;Totaal;Techniek;226.00
2022/2023;Gemeente;Den Helder;Totaal;Totaal energietransitie;267.00
2022/2023;Gemeente;Den Helder;HBO;Totaal;925.00
2022/2023;Gemeente;Den Helder;HBO;Economie;280.00
2022/2023;Gemeente;Den Helder;HBO;Gedrag en maatschappij;127.00
2022/2023;Gemeente;Den Helder;HBO;Gezondheidszorg;112.00
2022/2023;Gemeente;Den Helder;HBO;Landbouw en natuurlijke omgeving;11.00
2022/2023;Gemeente;Den Helder;HBO;Onderwijs;169.00
2022/2023;Gemeente;Den Helder;HBO;Taal en cultuur;7.00
2022/2023;Gemeente;Den Helder;HBO;Techniek;219.00
2022/2023;Gemeente;Den Helder;HBO;Totaal energietransitie;219.00
2022/2023;Gemeente;Den Helder;WO;Totaal;170.00
2022/2023;Gemeente;Den Helder;WO;Economie;24.00
2022/2023;Gemeente;Den Helder;WO;Gedrag en maatschappij;39.00
2022/2023;Gemeente;Den Helder;WO;Gezondheidszorg;22.00
2022/2023;Gemeente;Den Helder;WO;Landbouw en natuurlijke omgeving;3.00
2022/2023;Gemeente;Den Helder;WO;Natuur;41.00
2022/2023;Gemeente;Den Helder;WO;Onderwijs;2.00
2022/2023;Gemeente;Den Helder;WO;Recht;17.00
2022/2023;Gemeente;Den Helder;WO;Sectoroverstijgend;1.00
2022/2023;Gemeente;Den Helder;WO;Taal en cultuur;14.00
2022/2023;Gemeente;Den Helder;WO;Techniek;7.00
2022/2023;Gemeente;Den Helder;WO;Totaal energietransitie;48.00
2022/2023;Gemeente;Dijk en Waard;Totaal;Totaal;2808.00
2022/2023;Gemeente;Dijk en Waard;Totaal;Economie;846.00
2022/2023;Gemeente;Dijk en Waard;Totaal;Gedrag en maatschappij;417.00
2022/2023;Gemeente;Dijk en Waard;Totaal;Gezondheidszorg;345.00
2022/2023;Gemeente;Dijk en Waard;Totaal;Landbouw en natuurlijke omgeving;55.00
2022/2023;Gemeente;Dijk en Waard;Totaal;Natuur;109.00
2022/2023;Gemeente;Dijk en Waard;Totaal;Onderwijs;338.00
2022/2023;Gemeente;Dijk en Waard;Totaal;Recht;88.00
2022/2023;Gemeente;Dijk en Waard;Totaal;Sectoroverstijgend;13.00
2022/2023;Gemeente;Dijk en Waard;Totaal;Taal en cultuur;104.00
2022/2023;Gemeente;Dijk en Waard;Totaal;Techniek;493.00
2022/2023;Gemeente;Dijk en Waard;Totaal;Totaal energietransitie;602.00
2022/2023;Gemeente;Dijk en Waard;HBO;Totaal;2151.00
2022/2023;Gemeente;Dijk en Waard;HBO;Economie;757.00
2022/2023;Gemeente;Dijk en Waard;HBO;Gedrag en maatschappij;266.00
2022/2023;Gemeente;Dijk en Waard;HBO;Gezondheidszorg;264.00
2022/2023;Gemeente;Dijk en Waard;HBO;Landbouw en natuurlijke omgeving;41.00
2022/2023;Gemeente;Dijk en Waard;HBO;Onderwijs;330.00
2022/2023;Gemeente;Dijk en Waard;HBO;Sectoroverstijgend;2.00
2022/2023;Gemeente;Dijk en Waard;HBO;Taal en cultuur;31.00
2022/2023;Gemeente;Dijk en Waard;HBO;Techniek;460.00
2022/2023;Gemeente;Dijk en Waard;HBO;Totaal energietransitie;460.00
2022/2023;Gemeente;Dijk en Waard;WO;Totaal;657.00
2022/2023;Gemeente;Dijk en Waard;WO;Economie;89.00
2022/2023;Gemeente;Dijk en Waard;WO;Gedrag en maatschappij;151.00
2022/2023;Gemeente;Dijk en Waard;WO;Gezondheidszorg;81.00
2022/2023;Gemeente;Dijk en Waard;WO;Landbouw en natuurlijke omgeving;14.00
2022/2023;Gemeente;Dijk en Waard;WO;Natuur;109.00
2022/2023;Gemeente;Dijk en Waard;WO;Onderwijs;8.00
2022/2023;Gemeente;Dijk en Waard;WO;Recht;88.00
2022/2023;Gemeente;Dijk en Waard;WO;Sectoroverstijgend;11.00
2022/2023;Gemeente;Dijk en Waard;WO;Taal en cultuur;73.00
2022/2023;Gemeente;Dijk en Waard;WO;Techniek;33.00
2022/2023;Gemeente;Dijk en Waard;WO;Totaal energietransitie;142.00
2022/2023;Gemeente;Drechterland;Totaal;Totaal;649.00
2022/2023;Gemeente;Drechterland;Totaal;Economie;156.00
2022/2023;Gemeente;Drechterland;Totaal;Gedrag en maatschappij;93.00
2022/2023;Gemeente;Drechterland;Totaal;Gezondheidszorg;98.00
2022/2023;Gemeente;Drechterland;Totaal;Landbouw en natuurlijke omgeving;30.00
2022/2023;Gemeente;Drechterland;Totaal;Natuur;24.00
2022/2023;Gemeente;Drechterland;Totaal;Onderwijs;90.00
2022/2023;Gemeente;Drechterland;Totaal;Recht;22.00
2022/2023;Gemeente;Drechterland;Totaal;Sectoroverstijgend;4.00
2022/2023;Gemeente;Drechterland;Totaal;Taal en cultuur;23.00
2022/2023;Gemeente;Drechterland;Totaal;Techniek;109.00
2022/2023;Gemeente;Drechterland;Totaal;Totaal energietransitie;133.00
2022/2023;Gemeente;Drechterland;HBO;Totaal;486.00
2022/2023;Gemeente;Drechterland;HBO;Economie;141.00
2022/2023;Gemeente;Drechterland;HBO;Gedrag en maatschappij;63.00
2022/2023;Gemeente;Drechterland;HBO;Gezondheidszorg;71.00
2022/2023;Gemeente;Drechterland;HBO;Landbouw en natuurlijke omgeving;20.00
2022/2023;Gemeente;Drechterland;HBO;Onderwijs;90.00
2022/2023;Gemeente;Drechterland;HBO;Taal en cultuur;3.00
2022/2023;Gemeente;Drechterland;HBO;Techniek;98.00
2022/2023;Gemeente;Drechterland;HBO;Totaal energietransitie;98.00
2022/2023;Gemeente;Drechterland;WO;Totaal;163.00
2022/2023;Gemeente;Drechterland;WO;Economie;15.00
2022/2023;Gemeente;Drechterland;WO;Gedrag en maatschappij;30.00
2022/2023;Gemeente;Drechterland;WO;Gezondheidszorg;27.00
2022/2023;Gemeente;Drechterland;WO;Landbouw en natuurlijke omgeving;10.00
2022/2023;Gemeente;Drechterland;WO;Natuur;24.00
2022/2023;Gemeente;Drechterland;WO;Recht;22.00
2022/2023;Gemeente;Drechterland;WO;Sectoroverstijgend;4.00
2022/2023;Gemeente;Drechterland;WO;Taal en cultuur;20.00
2022/2023;Gemeente;Drechterland;WO;Techniek;11.00
2022/2023;Gemeente;Drechterland;WO;Totaal energietransitie;35.00
2022/2023;Gemeente;Enkhuizen;Totaal;Totaal;445.00
2022/2023;Gemeente;Enkhuizen;Totaal;Economie;112.00
2022/2023;Gemeente;Enkhuizen;Totaal;Gedrag en maatschappij;46.00
2022/2023;Gemeente;Enkhuizen;Totaal;Gezondheidszorg;68.00
2022/2023;Gemeente;Enkhuizen;Totaal;Landbouw en natuurlijke omgeving;15.00
2022/2023;Gemeente;Enkhuizen;Totaal;Natuur;23.00
2022/2023;Gemeente;Enkhuizen;Totaal;Onderwijs;73.00
2022/2023;Gemeente;Enkhuizen;Totaal;Recht;12.00
2022/2023;Gemeente;Enkhuizen;Totaal;Sectoroverstijgend;3.00
2022/2023;Gemeente;Enkhuizen;Totaal;Taal en cultuur;18.00
2022/2023;Gemeente;Enkhuizen;Totaal;Techniek;75.00
2022/2023;Gemeente;Enkhuizen;Totaal;Totaal energietransitie;98.00
2022/2023;Gemeente;Enkhuizen;HBO;Totaal;339.00
2022/2023;Gemeente;Enkhuizen;HBO;Economie;102.00
2022/2023;Gemeente;Enkhuizen;HBO;Gedrag en maatschappij;28.00
2022/2023;Gemeente;Enkhuizen;HBO;Gezondheidszorg;50.00
2022/2023;Gemeente;Enkhuizen;HBO;Landbouw en natuurlijke omgeving;10.00
2022/2023;Gemeente;Enkhuizen;HBO;Onderwijs;72.00
2022/2023;Gemeente;Enkhuizen;HBO;Taal en cultuur;5.00
2022/2023;Gemeente;Enkhuizen;HBO;Techniek;72.00
2022/2023;Gemeente;Enkhuizen;HBO;Totaal energietransitie;72.00
2022/2023;Gemeente;Enkhuizen;WO;Totaal;106.00
2022/2023;Gemeente;Enkhuizen;WO;Economie;10.00
2022/2023;Gemeente;Enkhuizen;WO;Gedrag en maatschappij;18.00
2022/2023;Gemeente;Enkhuizen;WO;Gezondheidszorg;18.00
2022/2023;Gemeente;Enkhuizen;WO;Landbouw en natuurlijke omgeving;5.00
2022/2023;Gemeente;Enkhuizen;WO;Natuur;23.00
2022/2023;Gemeente;Enkhuizen;WO;Onderwijs;1.00
2022/2023;Gemeente;Enkhuizen;WO;Recht;12.00
2022/2023;Gemeente;Enkhuizen;WO;Sectoroverstijgend;3.00
2022/2023;Gemeente;Enkhuizen;WO;Taal en cultuur;13.00
2022/2023;Gemeente;Enkhuizen;WO;Techniek;3.00
2022/2023;Gemeente;Enkhuizen;WO;Totaal energietransitie;26.00
2022/2023;Gemeente;Heiloo;Totaal;Totaal;991.00
2022/2023;Gemeente;Heiloo;Totaal;Economie;294.00
2022/2023;Gemeente;Heiloo;Totaal;Gedrag en maatschappij;156.00
2022/2023;Gemeente;Heiloo;Totaal;Gezondheidszorg;113.00
2022/2023;Gemeente;Heiloo;Totaal;Landbouw en natuurlijke omgeving;19.00
2022/2023;Gemeente;Heiloo;Totaal;Natuur;49.00
2022/2023;Gemeente;Heiloo;Totaal;Onderwijs;81.00
2022/2023;Gemeente;Heiloo;Totaal;Recht;45.00
2022/2023;Gemeente;Heiloo;Totaal;Sectoroverstijgend;15.00
2022/2023;Gemeente;Heiloo;Totaal;Taal en cultuur;48.00
2022/2023;Gemeente;Heiloo;Totaal;Techniek;171.00
2022/2023;Gemeente;Heiloo;Totaal;Totaal energietransitie;220.00
2022/2023;Gemeente;Heiloo;HBO;Totaal;650.00
2022/2023;Gemeente;Heiloo;HBO;Economie;241.00
2022/2023;Gemeente;Heiloo;HBO;Gedrag en maatschappij;74.00
2022/2023;Gemeente;Heiloo;HBO;Gezondheidszorg;75.00
2022/2023;Gemeente;Heiloo;HBO;Landbouw en natuurlijke omgeving;16.00
2022/2023;Gemeente;Heiloo;HBO;Onderwijs;79.00
2022/2023;Gemeente;Heiloo;HBO;Sectoroverstijgend;1.00
2022/2023;Gemeente;Heiloo;HBO;Taal en cultuur;15.00
2022/2023;Gemeente;Heiloo;HBO;Techniek;149.00
2022/2023;Gemeente;Heiloo;HBO;Totaal energietransitie;149.00
2022/2023;Gemeente;Heiloo;WO;Totaal;341.00
2022/2023;Gemeente;Heiloo;WO;Economie;53.00
2022/2023;Gemeente;Heiloo;WO;Gedrag en maatschappij;82.00
2022/2023;Gemeente;Heiloo;WO;Gezondheidszorg;38.00
2022/2023;Gemeente;Heiloo;WO;Landbouw en natuurlijke omgeving;3.00
2022/2023;Gemeente;Heiloo;WO;Natuur;49.00
2022/2023;Gemeente;Heiloo;WO;Onderwijs;2.00
2022/2023;Gemeente;Heiloo;WO;Recht;45.00
2022/2023;Gemeente;Heiloo;WO;Sectoroverstijgend;14.00
2022/2023;Gemeente;Heiloo;WO;Taal en cultuur;33.00
2022/2023;Gemeente;Heiloo;WO;Techniek;22.00
2022/2023;Gemeente;Heiloo;WO;Totaal energietransitie;71.00
2022/2023;Gemeente;Hollands Kroon;Totaal;Totaal;1207.00
2022/2023;Gemeente;Hollands Kroon;Totaal;Economie;310.00
2022/2023;Gemeente;Hollands Kroon;Totaal;Gedrag en maatschappij;185.00
2022/2023;Gemeente;Hollands Kroon;Totaal;Gezondheidszorg;141.00
2022/2023;Gemeente;Hollands Kroon;Totaal;Landbouw en natuurlijke omgeving;87.00
2022/2023;Gemeente;Hollands Kroon;Totaal;Natuur;35.00
2022/2023;Gemeente;Hollands Kroon;Totaal;Onderwijs;143.00
2022/2023;Gemeente;Hollands Kroon;Totaal;Recht;34.00
2022/2023;Gemeente;Hollands Kroon;Totaal;Sectoroverstijgend;2.00
2022/2023;Gemeente;Hollands Kroon;Totaal;Taal en cultuur;41.00
2022/2023;Gemeente;Hollands Kroon;Totaal;Techniek;229.00
2022/2023;Gemeente;Hollands Kroon;Totaal;Totaal energietransitie;264.00
2022/2023;Gemeente;Hollands Kroon;HBO;Totaal;973.00
2022/2023;Gemeente;Hollands Kroon;HBO;Economie;282.00
2022/2023;Gemeente;Hollands Kroon;HBO;Gedrag en maatschappij;129.00
2022/2023;Gemeente;Hollands Kroon;HBO;Gezondheidszorg;113.00
2022/2023;Gemeente;Hollands Kroon;HBO;Landbouw en natuurlijke omgeving;80.00
2022/2023;Gemeente;Hollands Kroon;HBO;Onderwijs;141.00
2022/2023;Gemeente;Hollands Kroon;HBO;Taal en cultuur;11.00
2022/2023;Gemeente;Hollands Kroon;HBO;Techniek;217.00
2022/2023;Gemeente;Hollands Kroon;HBO;Totaal energietransitie;217.00
2022/2023;Gemeente;Hollands Kroon;WO;Totaal;234.00
2022/2023;Gemeente;Hollands Kroon;WO;Economie;28.00
2022/2023;Gemeente;Hollands Kroon;WO;Gedrag en maatschappij;56.00
2022/2023;Gemeente;Hollands Kroon;WO;Gezondheidszorg;28.00
2022/2023;Gemeente;Hollands Kroon;WO;Landbouw en natuurlijke omgeving;7.00
2022/2023;Gemeente;Hollands Kroon;WO;Natuur;35.00
2022/2023;Gemeente;Hollands Kroon;WO;Onderwijs;2.00
2022/2023;Gemeente;Hollands Kroon;WO;Recht;34.00
2022/2023;Gemeente;Hollands Kroon;WO;Sectoroverstijgend;2.00
2022/2023;Gemeente;Hollands Kroon;WO;Taal en cultuur;30.00
2022/2023;Gemeente;Hollands Kroon;WO;Techniek;12.00
2022/2023;Gemeente;Hollands Kroon;WO;Totaal energietransitie;47.00
2022/2023;Gemeente;Hoorn;Totaal;Totaal;2220.00
2022/2023;Gemeente;Hoorn;Totaal;Economie;660.00
2022/2023;Gemeente;Hoorn;Totaal;Gedrag en maatschappij;320.00
2022/2023;Gemeente;Hoorn;Totaal;Gezondheidszorg;287.00
2022/2023;Gemeente;Hoorn;Totaal;Landbouw en natuurlijke omgeving;28.00
2022/2023;Gemeente;Hoorn;Totaal;Natuur;104.00
2022/2023;Gemeente;Hoorn;Totaal;Onderwijs;262.00
2022/2023;Gemeente;Hoorn;Totaal;Recht;93.00
2022/2023;Gemeente;Hoorn;Totaal;Sectoroverstijgend;15.00
2022/2023;Gemeente;Hoorn;Totaal;Taal en cultuur;100.00
2022/2023;Gemeente;Hoorn;Totaal;Techniek;351.00
2022/2023;Gemeente;Hoorn;Totaal;Totaal energietransitie;455.00
2022/2023;Gemeente;Hoorn;HBO;Totaal;1591.00
2022/2023;Gemeente;Hoorn;HBO;Economie;567.00
2022/2023;Gemeente;Hoorn;HBO;Gedrag en maatschappij;185.00
2022/2023;Gemeente;Hoorn;HBO;Gezondheidszorg;196.00
2022/2023;Gemeente;Hoorn;HBO;Landbouw en natuurlijke omgeving;25.00
2022/2023;Gemeente;Hoorn;HBO;Onderwijs;257.00
2022/2023;Gemeente;Hoorn;HBO;Sectoroverstijgend;3.00
2022/2023;Gemeente;Hoorn;HBO;Taal en cultuur;27.00
2022/2023;Gemeente;Hoorn;HBO;Techniek;331.00
2022/2023;Gemeente;Hoorn;HBO;Totaal energietransitie;331.00
2022/2023;Gemeente;Hoorn;WO;Totaal;629.00
2022/2023;Gemeente;Hoorn;WO;Economie;93.00
2022/2023;Gemeente;Hoorn;WO;Gedrag en maatschappij;135.00
2022/2023;Gemeente;Hoorn;WO;Gezondheidszorg;91.00
2022/2023;Gemeente;Hoorn;WO;Landbouw en natuurlijke omgeving;3.00
2022/2023;Gemeente;Hoorn;WO;Natuur;104.00
2022/2023;Gemeente;Hoorn;WO;Onderwijs;5.00
2022/2023;Gemeente;Hoorn;WO;Recht;93.00
2022/2023;Gemeente;Hoorn;WO;Sectoroverstijgend;12.00
2022/2023;Gemeente;Hoorn;WO;Taal en cultuur;73.00
2022/2023;Gemeente;Hoorn;WO;Techniek;20.00
2022/2023;Gemeente;Hoorn;WO;Totaal energietransitie;124.00
2022/2023;Gemeente;Koggenland;Totaal;Totaal;734.00
2022/2023;Gemeente;Koggenland;Totaal;Economie;204.00
2022/2023;Gemeente;Koggenland;Totaal;Gedrag en maatschappij;98.00
2022/2023;Gemeente;Koggenland;Totaal;Gezondheidszorg;101.00
2022/2023;Gemeente;Koggenland;Totaal;Landbouw en natuurlijke omgeving;30.00
2022/2023;Gemeente;Koggenland;Totaal;Natuur;38.00
2022/2023;Gemeente;Koggenland;Totaal;Onderwijs;75.00
2022/2023;Gemeente;Koggenland;Totaal;Recht;13.00
2022/2023;Gemeente;Koggenland;Totaal;Sectoroverstijgend;3.00
2022/2023;Gemeente;Koggenland;Totaal;Taal en cultuur;21.00
2022/2023;Gemeente;Koggenland;Totaal;Techniek;151.00
2022/2023;Gemeente;Koggenland;Totaal;Totaal energietransitie;189.00
2022/2023;Gemeente;Koggenland;HBO;Totaal;578.00
2022/2023;Gemeente;Koggenland;HBO;Economie;185.00
2022/2023;Gemeente;Koggenland;HBO;Gedrag en maatschappij;69.00
2022/2023;Gemeente;Koggenland;HBO;Gezondheidszorg;79.00
2022/2023;Gemeente;Koggenland;HBO;Landbouw en natuurlijke omgeving;25.00
2022/2023;Gemeente;Koggenland;HBO;Onderwijs;74.00
2022/2023;Gemeente;Koggenland;HBO;Sectoroverstijgend;1.00
2022/2023;Gemeente;Koggenland;HBO;Taal en cultuur;6.00
2022/2023;Gemeente;Koggenland;HBO;Techniek;139.00
2022/2023;Gemeente;Koggenland;HBO;Totaal energietransitie;139.00
2022/2023;Gemeente;Koggenland;WO;Totaal;156.00
2022/2023;Gemeente;Koggenland;WO;Economie;19.00
2022/2023;Gemeente;Koggenland;WO;Gedrag en maatschappij;29.00
2022/2023;Gemeente;Koggenland;WO;Gezondheidszorg;22.00
2022/2023;Gemeente;Koggenland;WO;Landbouw en natuurlijke omgeving;5.00
2022/2023;Gemeente;Koggenland;WO;Natuur;38.00
2022/2023;Gemeente;Koggenland;WO;Onderwijs;1.00
2022/2023;Gemeente;Koggenland;WO;Recht;13.00
2022/2023;Gemeente;Koggenland;WO;Sectoroverstijgend;2.00
2022/2023;Gemeente;Koggenland;WO;Taal en cultuur;15.00
2022/2023;Gemeente;Koggenland;WO;Techniek;12.00
2022/2023;Gemeente;Koggenland;WO;Totaal energietransitie;50.00
2022/2023;Gemeente;Medemblik;Totaal;Totaal;1201.00
2022/2023;Gemeente;Medemblik;Totaal;Economie;346.00
2022/2023;Gemeente;Medemblik;Totaal;Gedrag en maatschappij;165.00
2022/2023;Gemeente;Medemblik;Totaal;Gezondheidszorg;138.00
2022/2023;Gemeente;Medemblik;Totaal;Landbouw en natuurlijke omgeving;54.00
2022/2023;Gemeente;Medemblik;Totaal;Natuur;43.00
2022/2023;Gemeente;Medemblik;Totaal;Onderwijs;162.00
2022/2023;Gemeente;Medemblik;Totaal;Recht;36.00
2022/2023;Gemeente;Medemblik;Totaal;Sectoroverstijgend;3.00
2022/2023;Gemeente;Medemblik;Totaal;Taal en cultuur;35.00
2022/2023;Gemeente;Medemblik;Totaal;Techniek;219.00
2022/2023;Gemeente;Medemblik;Totaal;Totaal energietransitie;262.00
2022/2023;Gemeente;Medemblik;HBO;Totaal;913.00
2022/2023;Gemeente;Medemblik;HBO;Economie;301.00
2022/2023;Gemeente;Medemblik;HBO;Gedrag en maatschappij;95.00
2022/2023;Gemeente;Medemblik;HBO;Gezondheidszorg;97.00
2022/2023;Gemeente;Medemblik;HBO;Landbouw en natuurlijke omgeving;46.00
2022/2023;Gemeente;Medemblik;HBO;Onderwijs;161.00
2022/2023;Gemeente;Medemblik;HBO;Taal en cultuur;7.00
2022/2023;Gemeente;Medemblik;HBO;Techniek;206.00
2022/2023;Gemeente;Medemblik;HBO;Totaal energietransitie;206.00
2022/2023;Gemeente;Medemblik;WO;Totaal;288.00
2022/2023;Gemeente;Medemblik;WO;Economie;45.00
2022/2023;Gemeente;Medemblik;WO;Gedrag en maatschappij;70.00
2022/2023;Gemeente;Medemblik;WO;Gezondheidszorg;41.00
2022/2023;Gemeente;Medemblik;WO;Landbouw en natuurlijke omgeving;8.00
2022/2023;Gemeente;Medemblik;WO;Natuur;43.00
2022/2023;Gemeente;Medemblik;WO;Onderwijs;1.00
2022/2023;Gemeente;Medemblik;WO;Recht;36.00
2022/2023;Gemeente;Medemblik;WO;Sectoroverstijgend;3.00
2022/2023;Gemeente;Medemblik;WO;Taal en cultuur;28.00
2022/2023;Gemeente;Medemblik;WO;Techniek;13.00
2022/2023;Gemeente;Medemblik;WO;Totaal energietransitie;56.00
2022/2023;Gemeente;Opmeer;Totaal;Totaal;334.00
2022/2023;Gemeente;Opmeer;Totaal;Economie;93.00
2022/2023;Gemeente;Opmeer;Totaal;Gedrag en maatschappij;47.00
2022/2023;Gemeente;Opmeer;Totaal;Gezondheidszorg;47.00
2022/2023;Gemeente;Opmeer;Totaal;Landbouw en natuurlijke omgeving;20.00
2022/2023;Gemeente;Opmeer;Totaal;Natuur;10.00
2022/2023;Gemeente;Opmeer;Totaal;Onderwijs;24.00
2022/2023;Gemeente;Opmeer;Totaal;Recht;13.00
2022/2023;Gemeente;Opmeer;Totaal;Sectoroverstijgend;3.00
2022/2023;Gemeente;Opmeer;Totaal;Taal en cultuur;8.00
2022/2023;Gemeente;Opmeer;Totaal;Techniek;69.00
2022/2023;Gemeente;Opmeer;Totaal;Totaal energietransitie;79.00
2022/2023;Gemeente;Opmeer;HBO;Totaal;264.00
2022/2023;Gemeente;Opmeer;HBO;Economie;86.00
2022/2023;Gemeente;Opmeer;HBO;Gedrag en maatschappij;33.00
2022/2023;Gemeente;Opmeer;HBO;Gezondheidszorg;37.00
2022/2023;Gemeente;Opmeer;HBO;Landbouw en natuurlijke omgeving;17.00
2022/2023;Gemeente;Opmeer;HBO;Onderwijs;24.00
2022/2023;Gemeente;Opmeer;HBO;Sectoroverstijgend;2.00
2022/2023;Gemeente;Opmeer;HBO;Taal en cultuur;2.00
2022/2023;Gemeente;Opmeer;HBO;Techniek;63.00
2022/2023;Gemeente;Opmeer;HBO;Totaal energietransitie;63.00
2022/2023;Gemeente;Opmeer;WO;Totaal;70.00
2022/2023;Gemeente;Opmeer;WO;Economie;7.00
2022/2023;Gemeente;Opmeer;WO;Gedrag en maatschappij;14.00
2022/2023;Gemeente;Opmeer;WO;Gezondheidszorg;10.00
2022/2023;Gemeente;Opmeer;WO;Landbouw en natuurlijke omgeving;3.00
2022/2023;Gemeente;Opmeer;WO;Natuur;10.00
2022/2023;Gemeente;Opmeer;WO;Recht;13.00
2022/2023;Gemeente;Opmeer;WO;Sectoroverstijgend;1.00
2022/2023;Gemeente;Opmeer;WO;Taal en cultuur;6.00
2022/2023;Gemeente;Opmeer;WO;Techniek;6.00
2022/2023;Gemeente;Opmeer;WO;Totaal energietransitie;16.00
2022/2023;Gemeente;Schagen;Totaal;Totaal;1272.00
2022/2023;Gemeente;Schagen;Totaal;Economie;337.00
2022/2023;Gemeente;Schagen;Totaal;Gedrag en maatschappij;176.00
2022/2023;Gemeente;Schagen;Totaal;Gezondheidszorg;163.00
2022/2023;Gemeente;Schagen;Totaal;Landbouw en natuurlijke omgeving;54.00
2022/2023;Gemeente;Schagen;Totaal;Natuur;45.00
2022/2023;Gemeente;Schagen;Totaal;Onderwijs;164.00
2022/2023;Gemeente;Schagen;Totaal;Recht;39.00
2022/2023;Gemeente;Schagen;Totaal;Sectoroverstijgend;6.00
2022/2023;Gemeente;Schagen;Totaal;Taal en cultuur;50.00
2022/2023;Gemeente;Schagen;Totaal;Techniek;238.00
2022/2023;Gemeente;Schagen;Totaal;Totaal energietransitie;283.00
2022/2023;Gemeente;Schagen;HBO;Totaal;970.00
2022/2023;Gemeente;Schagen;HBO;Economie;293.00
2022/2023;Gemeente;Schagen;HBO;Gedrag en maatschappij;113.00
2022/2023;Gemeente;Schagen;HBO;Gezondheidszorg;126.00
2022/2023;Gemeente;Schagen;HBO;Landbouw en natuurlijke omgeving;43.00
2022/2023;Gemeente;Schagen;HBO;Onderwijs;160.00
2022/2023;Gemeente;Schagen;HBO;Sectoroverstijgend;1.00
2022/2023;Gemeente;Schagen;HBO;Taal en cultuur;9.00
2022/2023;Gemeente;Schagen;HBO;Techniek;225.00
2022/2023;Gemeente;Schagen;HBO;Totaal energietransitie;225.00
2022/2023;Gemeente;Schagen;WO;Totaal;302.00
2022/2023;Gemeente;Schagen;WO;Economie;44.00
2022/2023;Gemeente;Schagen;WO;Gedrag en maatschappij;63.00
2022/2023;Gemeente;Schagen;WO;Gezondheidszorg;37.00
2022/2023;Gemeente;Schagen;WO;Landbouw en natuurlijke omgeving;11.00
2022/2023;Gemeente;Schagen;WO;Natuur;45.00
2022/2023;Gemeente;Schagen;WO;Onderwijs;4.00
2022/2023;Gemeente;Schagen;WO;Recht;39.00
2022/2023;Gemeente;Schagen;WO;Sectoroverstijgend;5.00
2022/2023;Gemeente;Schagen;WO;Taal en cultuur;41.00
2022/2023;Gemeente;Schagen;WO;Techniek;13.00
2022/2023;Gemeente;Schagen;WO;Totaal energietransitie;58.00
2022/2023;Gemeente;Stede Broec;Totaal;Totaal;623.00
2022/2023;Gemeente;Stede Broec;Totaal;Economie;171.00
2022/2023;Gemeente;Stede Broec;Totaal;Gedrag en maatschappij;95.00
2022/2023;Gemeente;Stede Broec;Totaal;Gezondheidszorg;84.00
2022/2023;Gemeente;Stede Broec;Totaal;Landbouw en natuurlijke omgeving;19.00
2022/2023;Gemeente;Stede Broec;Totaal;Natuur;32.00
2022/2023;Gemeente;Stede Broec;Totaal;Onderwijs;88.00
2022/2023;Gemeente;Stede Broec;Totaal;Recht;20.00
2022/2023;Gemeente;Stede Broec;Totaal;Sectoroverstijgend;3.00
2022/2023;Gemeente;Stede Broec;Totaal;Taal en cultuur;23.00
2022/2023;Gemeente;Stede Broec;Totaal;Techniek;88.00
2022/2023;Gemeente;Stede Broec;Totaal;Totaal energietransitie;120.00
2022/2023;Gemeente;Stede Broec;HBO;Totaal;482.00
2022/2023;Gemeente;Stede Broec;HBO;Economie;162.00
2022/2023;Gemeente;Stede Broec;HBO;Gedrag en maatschappij;64.00
2022/2023;Gemeente;Stede Broec;HBO;Gezondheidszorg;63.00
2022/2023;Gemeente;Stede Broec;HBO;Landbouw en natuurlijke omgeving;15.00
2022/2023;Gemeente;Stede Broec;HBO;Onderwijs;87.00
2022/2023;Gemeente;Stede Broec;HBO;Taal en cultuur;5.00
2022/2023;Gemeente;Stede Broec;HBO;Techniek;86.00
2022/2023;Gemeente;Stede Broec;HBO;Totaal energietransitie;86.00
2022/2023;Gemeente;Stede Broec;WO;Totaal;141.00
2022/2023;Gemeente;Stede Broec;WO;Economie;9.00
2022/2023;Gemeente;Stede Broec;WO;Gedrag en maatschappij;31.00
2022/2023;Gemeente;Stede Broec;WO;Gezondheidszorg;21.00
2022/2023;Gemeente;Stede Broec;WO;Landbouw en natuurlijke omgeving;4.00
2022/2023;Gemeente;Stede Broec;WO;Natuur;32.00
2022/2023;Gemeente;Stede Broec;WO;Onderwijs;1.00
2022/2023;Gemeente;Stede Broec;WO;Recht;20.00
2022/2023;Gemeente;Stede Broec;WO;Sectoroverstijgend;3.00
2022/2023;Gemeente;Stede Broec;WO;Taal en cultuur;18.00
2022/2023;Gemeente;Stede Broec;WO;Techniek;2.00
2022/2023;Gemeente;Stede Broec;WO;Totaal energietransitie;34.00
2022/2023;Gemeente;Texel;Totaal;Totaal;259.00
2022/2023;Gemeente;Texel;Totaal;Economie;78.00
2022/2023;Gemeente;Texel;Totaal;Gedrag en maatschappij;34.00
2022/2023;Gemeente;Texel;Totaal;Gezondheidszorg;33.00
2022/2023;Gemeente;Texel;Totaal;Landbouw en natuurlijke omgeving;15.00
2022/2023;Gemeente;Texel;Totaal;Natuur;17.00
2022/2023;Gemeente;Texel;Totaal;Onderwijs;28.00
2022/2023;Gemeente;Texel;Totaal;Recht;8.00
2022/2023;Gemeente;Texel;Totaal;Sectoroverstijgend;5.00
2022/2023;Gemeente;Texel;Totaal;Taal en cultuur;17.00
2022/2023;Gemeente;Texel;Totaal;Techniek;24.00
2022/2023;Gemeente;Texel;Totaal;Totaal energietransitie;41.00
2022/2023;Gemeente;Texel;HBO;Totaal;178.00
2022/2023;Gemeente;Texel;HBO;Economie;71.00
2022/2023;Gemeente;Texel;HBO;Gedrag en maatschappij;20.00
2022/2023;Gemeente;Texel;HBO;Gezondheidszorg;25.00
2022/2023;Gemeente;Texel;HBO;Landbouw en natuurlijke omgeving;9.00
2022/2023;Gemeente;Texel;HBO;Onderwijs;28.00
2022/2023;Gemeente;Texel;HBO;Taal en cultuur;6.00
2022/2023;Gemeente;Texel;HBO;Techniek;19.00
2022/2023;Gemeente;Texel;HBO;Totaal energietransitie;19.00
2022/2023;Gemeente;Texel;WO;Totaal;81.00
2022/2023;Gemeente;Texel;WO;Economie;7.00
2022/2023;Gemeente;Texel;WO;Gedrag en maatschappij;14.00
2022/2023;Gemeente;Texel;WO;Gezondheidszorg;8.00
2022/2023;Gemeente;Texel;WO;Landbouw en natuurlijke omgeving;6.00
2022/2023;Gemeente;Texel;WO;Natuur;17.00
2022/2023;Gemeente;Texel;WO;Recht;8.00
2022/2023;Gemeente;Texel;WO;Sectoroverstijgend;5.00
2022/2023;Gemeente;Texel;WO;Taal en cultuur;11.00
2022/2023;Gemeente;Texel;WO;Techniek;5.00
2022/2023;Gemeente;Texel;WO;Totaal energietransitie;22.00
