Jaar,Woonregio,Werkregio,Banen van werknemers
2014,Alkmaar,'s-Gravenhage,200
2014,Alkmaar,Alkmaar,19300
2014,Alkmaar,Almere,100
2014,Alkmaar,Amersfoort,100
2014,Alkmaar,Amstelveen,300
2014,Alkmaar,Amsterdam,5800
2014,Alkmaar,Arnhem,100
2014,Alkmaar,Bergen (NH.),1500
2014,Alkmaar,Bergen op Zoom,100
2014,Alkmaar,Beverwijk,700
2014,Alkmaar,Bloemendaal,100
2014,Alkmaar,Castricum,800
2014,Alkmaar,Den Helder,900
2014,Alkmaar,Diemen,100
2014,Alkmaar,Dijk en Waard,3400
2014,Alkmaar,Edam-Volendam,100
2014,Alkmaar,Enkhuizen,100
2014,Alkmaar,Haarlem,1700
2014,Alkmaar,Haarlemmermeer,2300
2014,Alkmaar,Heemskerk,300
2014,Alkmaar,Heiloo,1000
2014,Alkmaar,Helmond,100
2014,Alkmaar,Hilversum,100
2014,Alkmaar,Hollands Kroon,200
2014,Alkmaar,Hoorn,900
2014,Alkmaar,Koggenland,300
2014,Alkmaar,Leeuwarden,100
2014,Alkmaar,Leiden,100
2014,Alkmaar,Medemblik,200
2014,Alkmaar,Nieuwegein,100
2014,Alkmaar,Oostzaan,100
2014,Alkmaar,Opmeer,100
2014,Alkmaar,Ouder-Amstel,100
2014,Alkmaar,Purmerend,1300
2014,Alkmaar,Rotterdam,200
2014,Alkmaar,Schagen,1000
2014,Alkmaar,Texel,100
2014,Alkmaar,Tilburg,100
2014,Alkmaar,Uitgeest,100
2014,Alkmaar,Utrecht (gem),300
2014,Alkmaar,Velsen,1500
2014,Alkmaar,Vijfheerenlanden,100
2014,Alkmaar,Wormerland,100
2014,Alkmaar,Zaanstad,1700
2014,Alkmaar,Zoetermeer,100
2014,Bergen (NH.),'s-Gravenhage,100
2014,Bergen (NH.),Alkmaar,2500
2014,Bergen (NH.),Amsterdam,1000
2014,Bergen (NH.),Bergen (NH.),2900
2014,Bergen (NH.),Beverwijk,200
2014,Bergen (NH.),Castricum,400
2014,Bergen (NH.),Den Helder,200
2014,Bergen (NH.),Dijk en Waard,600
2014,Bergen (NH.),Haarlem,200
2014,Bergen (NH.),Haarlemmermeer,500
2014,Bergen (NH.),Heemskerk,100
2014,Bergen (NH.),Heiloo,300
2014,Bergen (NH.),Hoorn,100
2014,Bergen (NH.),Purmerend,100
2014,Bergen (NH.),Rotterdam,100
2014,Bergen (NH.),Schagen,400
2014,Bergen (NH.),Uitgeest,100
2014,Bergen (NH.),Velsen,400
2014,Bergen (NH.),Zaanstad,200
2014,Castricum,'s-Gravenhage,100
2014,Castricum,Alkmaar,1600
2014,Castricum,Amstelveen,100
2014,Castricum,Amsterdam,2300
2014,Castricum,Bergen (NH.),200
2014,Castricum,Beverwijk,1100
2014,Castricum,Castricum,3200
2014,Castricum,Den Helder,100
2014,Castricum,Diemen,100
2014,Castricum,Dijk en Waard,300
2014,Castricum,Edam-Volendam,100
2014,Castricum,Haarlem,700
2014,Castricum,Haarlemmermeer,600
2014,Castricum,Heemskerk,1000
2014,Castricum,Heiloo,500
2014,Castricum,Hoorn,100
2014,Castricum,Purmerend,200
2014,Castricum,Rotterdam,100
2014,Castricum,Schagen,100
2014,Castricum,Tilburg,100
2014,Castricum,Uitgeest,300
2014,Castricum,Uithoorn,100
2014,Castricum,Utrecht (gem),100
2014,Castricum,Velsen,700
2014,Castricum,Zaanstad,600
2014,Den Helder,'s-Gravenhage,100
2014,Den Helder,Alkmaar,1200
2014,Den Helder,Amsterdam,700
2014,Den Helder,Bergen (NH.),100
2014,Den Helder,Beverwijk,200
2014,Den Helder,Den Helder,15500
2014,Den Helder,Dijk en Waard,700
2014,Den Helder,Enkhuizen,100
2014,Den Helder,Haarlem,100
2014,Den Helder,Haarlemmermeer,400
2014,Den Helder,Hollands Kroon,700
2014,Den Helder,Hoorn,300
2014,Den Helder,Leeuwarden,100
2014,Den Helder,Medemblik,200
2014,Den Helder,Purmerend,100
2014,Den Helder,Rotterdam,200
2014,Den Helder,Schagen,1400
2014,Den Helder,Súdwest-Fryslân,100
2014,Den Helder,Texel,400
2014,Den Helder,Uithoorn,100
2014,Den Helder,Utrecht (gem),100
2014,Den Helder,Velsen,400
2014,Den Helder,Zaanstad,100
2014,Den Helder,Zutphen,100
2014,Drechterland,Alkmaar,300
2014,Drechterland,Amsterdam,600
2014,Drechterland,Den Helder,100
2014,Drechterland,Dijk en Waard,200
2014,Drechterland,Drechterland,1700
2014,Drechterland,Edam-Volendam,100
2014,Drechterland,Enkhuizen,500
2014,Drechterland,Haarlemmermeer,200
2014,Drechterland,Hollands Kroon,100
2014,Drechterland,Hoorn,1700
2014,Drechterland,Koggenland,100
2014,Drechterland,Lelystad,100
2014,Drechterland,Medemblik,1200
2014,Drechterland,Opmeer,100
2014,Drechterland,Purmerend,200
2014,Drechterland,Schagen,100
2014,Drechterland,Stede Broec,600
2014,Drechterland,Zaanstad,200
2014,Enkhuizen,Alkmaar,300
2014,Enkhuizen,Almere,100
2014,Enkhuizen,Amsterdam,500
2014,Enkhuizen,Den Helder,200
2014,Enkhuizen,Dijk en Waard,100
2014,Enkhuizen,Drechterland,300
2014,Enkhuizen,Enkhuizen,2500
2014,Enkhuizen,Haarlemmermeer,200
2014,Enkhuizen,Hollands Kroon,100
2014,Enkhuizen,Hoorn,900
2014,Enkhuizen,Koggenland,100
2014,Enkhuizen,Lelystad,100
2014,Enkhuizen,Medemblik,700
2014,Enkhuizen,Purmerend,100
2014,Enkhuizen,Schagen,100
2014,Enkhuizen,Stede Broec,800
2014,Enkhuizen,Zaanstad,100
2014,Enkhuizen,Zwolle,100
2014,Heiloo,'s-Gravenhage,100
2014,Heiloo,Alkmaar,1900
2014,Heiloo,Amstelveen,100
2014,Heiloo,Amsterdam,1300
2014,Heiloo,Bergen (NH.),400
2014,Heiloo,Beverwijk,300
2014,Heiloo,Castricum,500
2014,Heiloo,Den Helder,100
2014,Heiloo,Dijk en Waard,400
2014,Heiloo,Haarlem,300
2014,Heiloo,Haarlemmermeer,500
2014,Heiloo,Heemskerk,400
2014,Heiloo,Heiloo,1500
2014,Heiloo,Hoorn,100
2014,Heiloo,Purmerend,100
2014,Heiloo,Rotterdam,100
2014,Heiloo,Schagen,100
2014,Heiloo,Utrecht (gem),100
2014,Heiloo,Velsen,300
2014,Heiloo,Zaanstad,300
2014,Hollands Kroon,'s-Gravenhage,100
2014,Hollands Kroon,Alkmaar,1600
2014,Hollands Kroon,Amsterdam,700
2014,Hollands Kroon,Apeldoorn,100
2014,Hollands Kroon,Bergen (NH.),100
2014,Hollands Kroon,Beverwijk,200
2014,Hollands Kroon,Castricum,100
2014,Hollands Kroon,Den Helder,2500
2014,Hollands Kroon,Dijk en Waard,1500
2014,Hollands Kroon,Drechterland,100
2014,Hollands Kroon,Enkhuizen,100
2014,Hollands Kroon,Haarlem,200
2014,Hollands Kroon,Haarlemmermeer,400
2014,Hollands Kroon,Hollands Kroon,6000
2014,Hollands Kroon,Hoorn,700
2014,Hollands Kroon,Koggenland,200
2014,Hollands Kroon,Leeuwarden,100
2014,Hollands Kroon,Lelystad,100
2014,Hollands Kroon,Medemblik,1000
2014,Hollands Kroon,Opmeer,200
2014,Hollands Kroon,Purmerend,200
2014,Hollands Kroon,Rotterdam,100
2014,Hollands Kroon,Schagen,2500
2014,Hollands Kroon,Súdwest-Fryslân,100
2014,Hollands Kroon,Texel,300
2014,Hollands Kroon,Utrecht (gem),100
2014,Hollands Kroon,Velsen,400
2014,Hollands Kroon,Westland,200
2014,Hollands Kroon,Zaanstad,200
2014,Hoorn,'s-Gravenhage,100
2014,Hoorn,Alkmaar,2400
2014,Hoorn,Almere,100
2014,Hoorn,Amersfoort,100
2014,Hoorn,Amstelveen,200
2014,Hoorn,Amsterdam,4300
2014,Hoorn,Bergen (NH.),100
2014,Hoorn,Beverwijk,100
2014,Hoorn,Den Helder,500
2014,Hoorn,Diemen,100
2014,Hoorn,Dijk en Waard,900
2014,Hoorn,Drechterland,500
2014,Hoorn,Edam-Volendam,600
2014,Hoorn,Enkhuizen,400
2014,Hoorn,Haarlem,300
2014,Hoorn,Haarlemmermeer,1100
2014,Hoorn,Harderwijk,100
2014,Hoorn,Helmond,100
2014,Hoorn,Hilversum,100
2014,Hoorn,Hollands Kroon,200
2014,Hoorn,Hoorn,11700
2014,Hoorn,Koggenland,600
2014,Hoorn,Lelystad,300
2014,Hoorn,Medemblik,1700
2014,Hoorn,Opmeer,200
2014,Hoorn,Ouder-Amstel,100
2014,Hoorn,Purmerend,1200
2014,Hoorn,Rotterdam,100
2014,Hoorn,Schagen,300
2014,Hoorn,Stede Broec,400
2014,Hoorn,Texel,200
2014,Hoorn,Tiel,100
2014,Hoorn,Uithoorn,200
2014,Hoorn,Utrecht (gem),200
2014,Hoorn,Velsen,200
2014,Hoorn,Waterland,100
2014,Hoorn,Wormerland,100
2014,Hoorn,Zaanstad,1200
2014,Koggenland,Alkmaar,1100
2014,Koggenland,Amsterdam,700
2014,Koggenland,Beverwijk,100
2014,Koggenland,Castricum,100
2014,Koggenland,Den Helder,200
2014,Koggenland,Dijk en Waard,1000
2014,Koggenland,Drechterland,100
2014,Koggenland,Edam-Volendam,200
2014,Koggenland,Enkhuizen,100
2014,Koggenland,Haarlem,100
2014,Koggenland,Haarlemmermeer,300
2014,Koggenland,Hollands Kroon,100
2014,Koggenland,Hoorn,1200
2014,Koggenland,Koggenland,3000
2014,Koggenland,Medemblik,300
2014,Koggenland,Opmeer,300
2014,Koggenland,Purmerend,400
2014,Koggenland,Schagen,200
2014,Koggenland,Velsen,200
2014,Koggenland,Zaanstad,400
2014,Medemblik,Alkmaar,900
2014,Medemblik,Almere,100
2014,Medemblik,Amstelveen,100
2014,Medemblik,Amsterdam,1100
2014,Medemblik,Beverwijk,100
2014,Medemblik,Den Helder,300
2014,Medemblik,Deventer,100
2014,Medemblik,Dijk en Waard,500
2014,Medemblik,Drechterland,400
2014,Medemblik,Edam-Volendam,200
2014,Medemblik,Enkhuizen,1000
2014,Medemblik,Haarlem,100
2014,Medemblik,Haarlemmermeer,300
2014,Medemblik,Hollands Kroon,600
2014,Medemblik,Hoorn,3200
2014,Medemblik,Koggenland,400
2014,Medemblik,Lelystad,100
2014,Medemblik,Medemblik,6300
2014,Medemblik,Opmeer,500
2014,Medemblik,Purmerend,400
2014,Medemblik,Schagen,200
2014,Medemblik,Stede Broec,400
2014,Medemblik,Texel,100
2014,Medemblik,Utrecht (gem),100
2014,Medemblik,Velsen,100
2014,Medemblik,Westland,100
2014,Medemblik,Zaanstad,400
2014,Opmeer,Alkmaar,400
2014,Opmeer,Amsterdam,300
2014,Opmeer,Den Helder,100
2014,Opmeer,Dijk en Waard,500
2014,Opmeer,Haarlemmermeer,100
2014,Opmeer,Hollands Kroon,100
2014,Opmeer,Hoorn,500
2014,Opmeer,Koggenland,400
2014,Opmeer,Medemblik,500
2014,Opmeer,Opmeer,1600
2014,Opmeer,Purmerend,100
2014,Opmeer,Schagen,100
2014,Opmeer,Velsen,100
2014,Opmeer,Zaanstad,100
2014,Schagen,'s-Gravenhage,100
2014,Schagen,Alkmaar,2500
2014,Schagen,Amsterdam,900
2014,Schagen,Arnhem,100
2014,Schagen,Bergen (NH.),500
2014,Schagen,Beverwijk,200
2014,Schagen,Castricum,100
2014,Schagen,Den Helder,1500
2014,Schagen,Dijk en Waard,1900
2014,Schagen,Haarlem,300
2014,Schagen,Haarlemmermeer,400
2014,Schagen,Heemskerk,100
2014,Schagen,Heiloo,100
2014,Schagen,Hollands Kroon,900
2014,Schagen,Hoorn,500
2014,Schagen,Koggenland,100
2014,Schagen,Medemblik,200
2014,Schagen,Opmeer,100
2014,Schagen,Purmerend,200
2014,Schagen,Rotterdam,100
2014,Schagen,Schagen,7500
2014,Schagen,Texel,100
2014,Schagen,Utrecht (gem),100
2014,Schagen,Velsen,500
2014,Schagen,Zaanstad,200
2014,Stede Broec,Alkmaar,300
2014,Stede Broec,Almere,100
2014,Stede Broec,Amstelveen,100
2014,Stede Broec,Amsterdam,600
2014,Stede Broec,Den Helder,200
2014,Stede Broec,Dijk en Waard,200
2014,Stede Broec,Drechterland,600
2014,Stede Broec,Edam-Volendam,100
2014,Stede Broec,Enkhuizen,1200
2014,Stede Broec,Haarlemmermeer,300
2014,Stede Broec,Hollands Kroon,200
2014,Stede Broec,Hoorn,1400
2014,Stede Broec,Koggenland,100
2014,Stede Broec,Lelystad,100
2014,Stede Broec,Medemblik,1200
2014,Stede Broec,Purmerend,200
2014,Stede Broec,Schagen,100
2014,Stede Broec,Stede Broec,1800
2014,Stede Broec,Zaanstad,200
2014,Texel,Amsterdam,100
2014,Texel,Den Helder,200
2014,Texel,Dijk en Waard,100
2014,Texel,Haarlemmermeer,100
2014,Texel,Medemblik,100
2014,Texel,Texel,4300
2014,Uitgeest,Alkmaar,400
2014,Uitgeest,Amsterdam,1100
2014,Uitgeest,Bergen (NH.),100
2014,Uitgeest,Beverwijk,800
2014,Uitgeest,Castricum,400
2014,Uitgeest,Den Helder,100
2014,Uitgeest,Dijk en Waard,100
2014,Uitgeest,Haarlem,300
2014,Uitgeest,Haarlemmermeer,300
2014,Uitgeest,Heemskerk,400
2014,Uitgeest,Heiloo,100
2014,Uitgeest,Hoorn,100
2014,Uitgeest,Purmerend,100
2014,Uitgeest,Uitgeest,900
2014,Uitgeest,Velsen,500
2014,Uitgeest,Zaanstad,400
2015,Alkmaar,'s-Gravenhage,400
2015,Alkmaar,Alkmaar,18800
2015,Alkmaar,Almere,100
2015,Alkmaar,Amersfoort,100
2015,Alkmaar,Amstelveen,300
2015,Alkmaar,Amsterdam,5800
2015,Alkmaar,Arnhem,100
2015,Alkmaar,Bergen (NH.),1400
2015,Alkmaar,Beverwijk,700
2015,Alkmaar,Bloemendaal,100
2015,Alkmaar,Castricum,800
2015,Alkmaar,Den Helder,1000
2015,Alkmaar,Diemen,100
2015,Alkmaar,Dijk en Waard,3900
2015,Alkmaar,Drechterland,100
2015,Alkmaar,Edam-Volendam,200
2015,Alkmaar,Eindhoven,100
2015,Alkmaar,Enkhuizen,100
2015,Alkmaar,Haarlem,1600
2015,Alkmaar,Haarlemmermeer,1600
2015,Alkmaar,Heemskerk,200
2015,Alkmaar,Heiloo,900
2015,Alkmaar,Helmond,100
2015,Alkmaar,Hilversum,100
2015,Alkmaar,Hollands Kroon,200
2015,Alkmaar,Hoorn,1000
2015,Alkmaar,Koggenland,300
2015,Alkmaar,Leiden,100
2015,Alkmaar,Medemblik,300
2015,Alkmaar,Nieuwegein,100
2015,Alkmaar,Opmeer,100
2015,Alkmaar,Ouder-Amstel,100
2015,Alkmaar,Purmerend,1600
2015,Alkmaar,Rotterdam,300
2015,Alkmaar,Schagen,1300
2015,Alkmaar,Texel,200
2015,Alkmaar,Tilburg,100
2015,Alkmaar,Uitgeest,200
2015,Alkmaar,Uithoorn,100
2015,Alkmaar,Utrecht (gem),300
2015,Alkmaar,Velsen,1600
2015,Alkmaar,Waterland,100
2015,Alkmaar,Wormerland,100
2015,Alkmaar,Zaanstad,1900
2015,Alkmaar,Zoetermeer,100
2015,Bergen (NH.),'s-Gravenhage,100
2015,Bergen (NH.),Alkmaar,2300
2015,Bergen (NH.),Amstelveen,100
2015,Bergen (NH.),Amsterdam,1000
2015,Bergen (NH.),Bergen (NH.),3000
2015,Bergen (NH.),Beverwijk,200
2015,Bergen (NH.),Castricum,400
2015,Bergen (NH.),Den Helder,100
2015,Bergen (NH.),Dijk en Waard,600
2015,Bergen (NH.),Drechterland,100
2015,Bergen (NH.),Haarlem,200
2015,Bergen (NH.),Haarlemmermeer,400
2015,Bergen (NH.),Heemskerk,100
2015,Bergen (NH.),Heiloo,300
2015,Bergen (NH.),Hoorn,200
2015,Bergen (NH.),Purmerend,100
2015,Bergen (NH.),Rotterdam,100
2015,Bergen (NH.),Schagen,300
2015,Bergen (NH.),Utrecht (gem),100
2015,Bergen (NH.),Velsen,400
2015,Bergen (NH.),Zaanstad,200
2015,Castricum,'s-Gravenhage,100
2015,Castricum,Alkmaar,2100
2015,Castricum,Amstelveen,100
2015,Castricum,Amsterdam,2400
2015,Castricum,Bergen (NH.),300
2015,Castricum,Beverwijk,700
2015,Castricum,Castricum,3200
2015,Castricum,Den Helder,100
2015,Castricum,Dijk en Waard,300
2015,Castricum,Haarlem,800
2015,Castricum,Haarlemmermeer,700
2015,Castricum,Heemskerk,700
2015,Castricum,Heiloo,500
2015,Castricum,Hoorn,100
2015,Castricum,Purmerend,200
2015,Castricum,Rotterdam,100
2015,Castricum,Schagen,100
2015,Castricum,Tilburg,100
2015,Castricum,Uitgeest,400
2015,Castricum,Utrecht (gem),100
2015,Castricum,Velsen,800
2015,Castricum,Zaanstad,600
2015,Den Helder,'s-Gravenhage,100
2015,Den Helder,Alkmaar,1100
2015,Den Helder,Amsterdam,800
2015,Den Helder,Bergen (NH.),100
2015,Den Helder,Beverwijk,200
2015,Den Helder,Den Helder,15500
2015,Den Helder,Dijk en Waard,800
2015,Den Helder,Enkhuizen,100
2015,Den Helder,Haarlem,200
2015,Den Helder,Haarlemmermeer,200
2015,Den Helder,Hollands Kroon,600
2015,Den Helder,Hoorn,400
2015,Den Helder,Leeuwarden,100
2015,Den Helder,Medemblik,200
2015,Den Helder,Opmeer,100
2015,Den Helder,Purmerend,100
2015,Den Helder,Rotterdam,200
2015,Den Helder,Schagen,1300
2015,Den Helder,Texel,300
2015,Den Helder,Tilburg,100
2015,Den Helder,Utrecht (gem),100
2015,Den Helder,Velsen,300
2015,Den Helder,Zaanstad,300
2015,Den Helder,Zandvoort,100
2015,Drechterland,Alkmaar,400
2015,Drechterland,Amsterdam,600
2015,Drechterland,Den Helder,100
2015,Drechterland,Dijk en Waard,200
2015,Drechterland,Drechterland,1600
2015,Drechterland,Edam-Volendam,100
2015,Drechterland,Enkhuizen,600
2015,Drechterland,Haarlemmermeer,200
2015,Drechterland,Hollands Kroon,100
2015,Drechterland,Hoorn,1900
2015,Drechterland,Koggenland,100
2015,Drechterland,Medemblik,1100
2015,Drechterland,Opmeer,100
2015,Drechterland,Purmerend,200
2015,Drechterland,Schagen,100
2015,Drechterland,Stede Broec,700
2015,Drechterland,Zaanstad,200
2015,Enkhuizen,Alkmaar,300
2015,Enkhuizen,Amsterdam,500
2015,Enkhuizen,Den Helder,100
2015,Enkhuizen,Dijk en Waard,200
2015,Enkhuizen,Drechterland,300
2015,Enkhuizen,Enkhuizen,2600
2015,Enkhuizen,Haarlem,100
2015,Enkhuizen,Haarlemmermeer,100
2015,Enkhuizen,Hollands Kroon,100
2015,Enkhuizen,Hoorn,900
2015,Enkhuizen,Koggenland,100
2015,Enkhuizen,Lelystad,100
2015,Enkhuizen,Medemblik,800
2015,Enkhuizen,Purmerend,200
2015,Enkhuizen,Schagen,100
2015,Enkhuizen,Stede Broec,800
2015,Enkhuizen,Zaanstad,100
2015,Heiloo,'s-Gravenhage,100
2015,Heiloo,Alkmaar,2400
2015,Heiloo,Amstelveen,100
2015,Heiloo,Amsterdam,1300
2015,Heiloo,Bergen (NH.),400
2015,Heiloo,Beverwijk,200
2015,Heiloo,Castricum,500
2015,Heiloo,Den Helder,100
2015,Heiloo,Dijk en Waard,400
2015,Heiloo,Haarlem,300
2015,Heiloo,Haarlemmermeer,400
2015,Heiloo,Heemskerk,100
2015,Heiloo,Heiloo,1400
2015,Heiloo,Hoorn,100
2015,Heiloo,Purmerend,100
2015,Heiloo,Schagen,100
2015,Heiloo,Uitgeest,100
2015,Heiloo,Utrecht (gem),100
2015,Heiloo,Velsen,300
2015,Heiloo,Zaanstad,300
2015,Hollands Kroon,'s-Gravenhage,100
2015,Hollands Kroon,Alkmaar,1600
2015,Hollands Kroon,Amstelveen,100
2015,Hollands Kroon,Amsterdam,800
2015,Hollands Kroon,Apeldoorn,100
2015,Hollands Kroon,Bergen (NH.),100
2015,Hollands Kroon,Beverwijk,200
2015,Hollands Kroon,Castricum,100
2015,Hollands Kroon,Den Helder,2300
2015,Hollands Kroon,Dijk en Waard,1600
2015,Hollands Kroon,Drechterland,100
2015,Hollands Kroon,Edam-Volendam,100
2015,Hollands Kroon,Enkhuizen,100
2015,Hollands Kroon,Haarlem,200
2015,Hollands Kroon,Haarlemmermeer,300
2015,Hollands Kroon,Harderwijk,100
2015,Hollands Kroon,Hollands Kroon,6300
2015,Hollands Kroon,Hoorn,700
2015,Hollands Kroon,Koggenland,200
2015,Hollands Kroon,Medemblik,900
2015,Hollands Kroon,Opmeer,200
2015,Hollands Kroon,Purmerend,300
2015,Hollands Kroon,Rotterdam,100
2015,Hollands Kroon,Schagen,2200
2015,Hollands Kroon,Súdwest-Fryslân,100
2015,Hollands Kroon,Texel,200
2015,Hollands Kroon,Utrecht (gem),100
2015,Hollands Kroon,Velsen,300
2015,Hollands Kroon,Westland,200
2015,Hollands Kroon,Zaanstad,300
2015,Hoorn,'s-Gravenhage,100
2015,Hoorn,Alkmaar,2400
2015,Hoorn,Almere,100
2015,Hoorn,Amersfoort,100
2015,Hoorn,Amstelveen,400
2015,Hoorn,Amsterdam,4600
2015,Hoorn,Beverwijk,100
2015,Hoorn,Castricum,100
2015,Hoorn,Den Helder,500
2015,Hoorn,Diemen,100
2015,Hoorn,Dijk en Waard,1000
2015,Hoorn,Drechterland,500
2015,Hoorn,Edam-Volendam,500
2015,Hoorn,Enkhuizen,400
2015,Hoorn,Haarlem,300
2015,Hoorn,Haarlemmermeer,1100
2015,Hoorn,Harderwijk,100
2015,Hoorn,Helmond,100
2015,Hoorn,Hilversum,100
2015,Hoorn,Hollands Kroon,300
2015,Hoorn,Hoorn,11800
2015,Hoorn,Huizen,100
2015,Hoorn,Koggenland,700
2015,Hoorn,Lelystad,100
2015,Hoorn,Medemblik,1800
2015,Hoorn,Opmeer,300
2015,Hoorn,Ouder-Amstel,100
2015,Hoorn,Purmerend,1300
2015,Hoorn,Rotterdam,100
2015,Hoorn,Schagen,200
2015,Hoorn,Stede Broec,400
2015,Hoorn,Tiel,100
2015,Hoorn,Utrecht (gem),200
2015,Hoorn,Velsen,200
2015,Hoorn,Waterland,200
2015,Hoorn,Wormerland,100
2015,Hoorn,Zaanstad,1000
2015,Koggenland,Alkmaar,1200
2015,Koggenland,Amsterdam,800
2015,Koggenland,Bergen (NH.),100
2015,Koggenland,Beverwijk,100
2015,Koggenland,Castricum,100
2015,Koggenland,Den Helder,100
2015,Koggenland,Dijk en Waard,1000
2015,Koggenland,Drechterland,100
2015,Koggenland,Edam-Volendam,200
2015,Koggenland,Enkhuizen,100
2015,Koggenland,Haarlem,100
2015,Koggenland,Haarlemmermeer,200
2015,Koggenland,Hollands Kroon,100
2015,Koggenland,Hoorn,1300
2015,Koggenland,Koggenland,2800
2015,Koggenland,Medemblik,300
2015,Koggenland,Opmeer,300
2015,Koggenland,Purmerend,600
2015,Koggenland,Schagen,100
2015,Koggenland,Utrecht (gem),100
2015,Koggenland,Velsen,200
2015,Koggenland,Waterland,100
2015,Koggenland,Zaanstad,300
2015,Medemblik,Alkmaar,1000
2015,Medemblik,Almere,100
2015,Medemblik,Amstelveen,100
2015,Medemblik,Amsterdam,1200
2015,Medemblik,Beverwijk,100
2015,Medemblik,Castricum,100
2015,Medemblik,Den Helder,300
2015,Medemblik,Dijk en Waard,500
2015,Medemblik,Drechterland,400
2015,Medemblik,Edam-Volendam,200
2015,Medemblik,Enkhuizen,900
2015,Medemblik,Haarlem,200
2015,Medemblik,Haarlemmermeer,300
2015,Medemblik,Harderwijk,100
2015,Medemblik,Hollands Kroon,600
2015,Medemblik,Hoorn,3400
2015,Medemblik,Koggenland,500
2015,Medemblik,Medemblik,6200
2015,Medemblik,Opmeer,500
2015,Medemblik,Purmerend,500
2015,Medemblik,Schagen,100
2015,Medemblik,Stede Broec,500
2015,Medemblik,Utrecht (gem),100
2015,Medemblik,Velsen,100
2015,Medemblik,Waterland,100
2015,Medemblik,Westland,100
2015,Medemblik,Zaanstad,300
2015,Medemblik,Zutphen,100
2015,Opmeer,Alkmaar,500
2015,Opmeer,Amsterdam,200
2015,Opmeer,Den Helder,100
2015,Opmeer,Dijk en Waard,500
2015,Opmeer,Edam-Volendam,100
2015,Opmeer,Haarlemmermeer,100
2015,Opmeer,Hollands Kroon,100
2015,Opmeer,Hoorn,500
2015,Opmeer,Koggenland,500
2015,Opmeer,Medemblik,600
2015,Opmeer,Opmeer,1300
2015,Opmeer,Purmerend,100
2015,Opmeer,Schagen,100
2015,Opmeer,Velsen,100
2015,Opmeer,Zaanstad,100
2015,Schagen,'s-Gravenhage,100
2015,Schagen,Alkmaar,2400
2015,Schagen,Amsterdam,1200
2015,Schagen,Bergen (NH.),600
2015,Schagen,Beverwijk,200
2015,Schagen,Castricum,100
2015,Schagen,Den Helder,1400
2015,Schagen,Dijk en Waard,2099
2015,Schagen,Haarlem,200
2015,Schagen,Haarlemmermeer,300
2015,Schagen,Heiloo,100
2015,Schagen,Hollands Kroon,1000
2015,Schagen,Hoorn,500
2015,Schagen,Koggenland,100
2015,Schagen,Medemblik,200
2015,Schagen,Opmeer,200
2015,Schagen,Purmerend,200
2015,Schagen,Rotterdam,100
2015,Schagen,Schagen,7200
2015,Schagen,Texel,100
2015,Schagen,Utrecht (gem),100
2015,Schagen,Velsen,500
2015,Schagen,Zaanstad,500
2015,Schagen,Zandvoort,100
2015,Stede Broec,Aalsmeer,100
2015,Stede Broec,Alkmaar,400
2015,Stede Broec,Amsterdam,700
2015,Stede Broec,Den Helder,100
2015,Stede Broec,Dijk en Waard,100
2015,Stede Broec,Drechterland,700
2015,Stede Broec,Edam-Volendam,100
2015,Stede Broec,Enkhuizen,1200
2015,Stede Broec,Haarlem,100
2015,Stede Broec,Haarlemmermeer,200
2015,Stede Broec,Hollands Kroon,100
2015,Stede Broec,Hoorn,1400
2015,Stede Broec,Koggenland,100
2015,Stede Broec,Lelystad,100
2015,Stede Broec,Medemblik,1300
2015,Stede Broec,Opmeer,100
2015,Stede Broec,Purmerend,200
2015,Stede Broec,Schagen,100
2015,Stede Broec,Stede Broec,1800
2015,Stede Broec,Velsen,100
2015,Stede Broec,Zaanstad,200
2015,Texel,Alkmaar,100
2015,Texel,Amsterdam,100
2015,Texel,Den Helder,200
2015,Texel,Texel,4400
2015,Texel,Zaanstad,100
2015,Uitgeest,Alkmaar,500
2015,Uitgeest,Amstelveen,100
2015,Uitgeest,Amsterdam,1200
2015,Uitgeest,Beverwijk,500
2015,Uitgeest,Castricum,400
2015,Uitgeest,Den Helder,100
2015,Uitgeest,Dijk en Waard,100
2015,Uitgeest,Haarlem,400
2015,Uitgeest,Haarlemmermeer,300
2015,Uitgeest,Heemskerk,600
2015,Uitgeest,Heiloo,100
2015,Uitgeest,Purmerend,100
2015,Uitgeest,Uitgeest,800
2015,Uitgeest,Utrecht (gem),100
2015,Uitgeest,Velsen,500
2015,Uitgeest,Zaanstad,400
2016,Alkmaar,'s-Gravenhage,200
2016,Alkmaar,Aalsmeer,100
2016,Alkmaar,Alkmaar,19300
2016,Alkmaar,Almere,100
2016,Alkmaar,Amersfoort,100
2016,Alkmaar,Amstelveen,200
2016,Alkmaar,Amsterdam,6600
2016,Alkmaar,Bergen (NH.),1300
2016,Alkmaar,Beverwijk,700
2016,Alkmaar,Breda,100
2016,Alkmaar,Castricum,600
2016,Alkmaar,Den Helder,800
2016,Alkmaar,Diemen,100
2016,Alkmaar,Dijk en Waard,4100
2016,Alkmaar,Edam-Volendam,200
2016,Alkmaar,Eindhoven,100
2016,Alkmaar,Enkhuizen,200
2016,Alkmaar,Haarlem,1900
2016,Alkmaar,Haarlemmermeer,1800
2016,Alkmaar,Heemskerk,200
2016,Alkmaar,Heiloo,1000
2016,Alkmaar,Helmond,100
2016,Alkmaar,Hilversum,100
2016,Alkmaar,Hollands Kroon,200
2016,Alkmaar,Hoorn,1200
2016,Alkmaar,Koggenland,300
2016,Alkmaar,Leiden,100
2016,Alkmaar,Medemblik,300
2016,Alkmaar,Nieuwegein,100
2016,Alkmaar,Opmeer,100
2016,Alkmaar,Ouder-Amstel,100
2016,Alkmaar,Purmerend,1600
2016,Alkmaar,Rotterdam,200
2016,Alkmaar,Schagen,1000
2016,Alkmaar,Texel,100
2016,Alkmaar,Tilburg,100
2016,Alkmaar,Uitgeest,200
2016,Alkmaar,Uithoorn,100
2016,Alkmaar,Utrecht (gem),300
2016,Alkmaar,Velsen,1600
2016,Alkmaar,Waterland,100
2016,Alkmaar,Wormerland,100
2016,Alkmaar,Zaanstad,1500
2016,Bergen (NH.),Alkmaar,2300
2016,Bergen (NH.),Amstelveen,100
2016,Bergen (NH.),Amsterdam,1000
2016,Bergen (NH.),Bergen (NH.),3200
2016,Bergen (NH.),Beverwijk,200
2016,Bergen (NH.),Castricum,300
2016,Bergen (NH.),Den Helder,200
2016,Bergen (NH.),Dijk en Waard,600
2016,Bergen (NH.),Haarlem,200
2016,Bergen (NH.),Haarlemmermeer,400
2016,Bergen (NH.),Heemskerk,100
2016,Bergen (NH.),Heiloo,400
2016,Bergen (NH.),Hoorn,100
2016,Bergen (NH.),Koggenland,100
2016,Bergen (NH.),Purmerend,100
2016,Bergen (NH.),Rotterdam,100
2016,Bergen (NH.),Schagen,300
2016,Bergen (NH.),Uitgeest,100
2016,Bergen (NH.),Velsen,400
2016,Bergen (NH.),Zaanstad,300
2016,Castricum,'s-Gravenhage,100
2016,Castricum,Alkmaar,1700
2016,Castricum,Amstelveen,100
2016,Castricum,Amsterdam,2600
2016,Castricum,Bergen (NH.),200
2016,Castricum,Beverwijk,700
2016,Castricum,Castricum,3700
2016,Castricum,Den Helder,100
2016,Castricum,Dijk en Waard,500
2016,Castricum,Haarlem,500
2016,Castricum,Haarlemmermeer,700
2016,Castricum,Heemskerk,700
2016,Castricum,Heiloo,700
2016,Castricum,Hoorn,100
2016,Castricum,Purmerend,200
2016,Castricum,Rotterdam,100
2016,Castricum,Schagen,100
2016,Castricum,Tilburg,100
2016,Castricum,Uitgeest,300
2016,Castricum,Uithoorn,100
2016,Castricum,Utrecht (gem),100
2016,Castricum,Velsen,800
2016,Castricum,Zaanstad,600
2016,Den Helder,'s-Gravenhage,100
2016,Den Helder,Alkmaar,1000
2016,Den Helder,Amsterdam,800
2016,Den Helder,Bergen (NH.),100
2016,Den Helder,Beverwijk,200
2016,Den Helder,Den Helder,15300
2016,Den Helder,Dijk en Waard,1200
2016,Den Helder,Edam-Volendam,100
2016,Den Helder,Enkhuizen,100
2016,Den Helder,Haarlem,200
2016,Den Helder,Haarlemmermeer,200
2016,Den Helder,Heiloo,100
2016,Den Helder,Hollands Kroon,900
2016,Den Helder,Hoorn,300
2016,Den Helder,Huizen,100
2016,Den Helder,Koggenland,100
2016,Den Helder,Medemblik,200
2016,Den Helder,Purmerend,100
2016,Den Helder,Rotterdam,100
2016,Den Helder,Schagen,1500
2016,Den Helder,Schouwen-Duiveland,100
2016,Den Helder,Texel,400
2016,Den Helder,Tilburg,100
2016,Den Helder,Utrecht (gem),100
2016,Den Helder,Velsen,300
2016,Den Helder,Zaanstad,200
2016,Drechterland,Alkmaar,300
2016,Drechterland,Amsterdam,700
2016,Drechterland,Den Helder,100
2016,Drechterland,Dijk en Waard,200
2016,Drechterland,Drechterland,1800
2016,Drechterland,Edam-Volendam,100
2016,Drechterland,Enkhuizen,500
2016,Drechterland,Haarlem,100
2016,Drechterland,Haarlemmermeer,200
2016,Drechterland,Hollands Kroon,100
2016,Drechterland,Hoorn,1700
2016,Drechterland,Koggenland,100
2016,Drechterland,Medemblik,1200
2016,Drechterland,Opmeer,100
2016,Drechterland,Purmerend,400
2016,Drechterland,Schagen,100
2016,Drechterland,Stede Broec,600
2016,Drechterland,Zaanstad,200
2016,Enkhuizen,Alkmaar,300
2016,Enkhuizen,Amsterdam,700
2016,Enkhuizen,Den Helder,100
2016,Enkhuizen,Dijk en Waard,100
2016,Enkhuizen,Drechterland,300
2016,Enkhuizen,Edam-Volendam,100
2016,Enkhuizen,Enkhuizen,2600
2016,Enkhuizen,Haarlem,100
2016,Enkhuizen,Haarlemmermeer,100
2016,Enkhuizen,Hollands Kroon,100
2016,Enkhuizen,Hoorn,1000
2016,Enkhuizen,Koggenland,100
2016,Enkhuizen,Lelystad,100
2016,Enkhuizen,Medemblik,800
2016,Enkhuizen,Purmerend,200
2016,Enkhuizen,Stede Broec,800
2016,Enkhuizen,Velsen,100
2016,Enkhuizen,Zaanstad,100
2016,Heiloo,Alkmaar,2100
2016,Heiloo,Amstelveen,100
2016,Heiloo,Amsterdam,1500
2016,Heiloo,Bergen (NH.),300
2016,Heiloo,Beverwijk,200
2016,Heiloo,Castricum,500
2016,Heiloo,Den Helder,100
2016,Heiloo,Dijk en Waard,500
2016,Heiloo,Haarlem,300
2016,Heiloo,Haarlemmermeer,400
2016,Heiloo,Heemskerk,100
2016,Heiloo,Heiloo,1600
2016,Heiloo,Hoorn,100
2016,Heiloo,Purmerend,100
2016,Heiloo,Rotterdam,100
2016,Heiloo,Schagen,100
2016,Heiloo,Utrecht (gem),100
2016,Heiloo,Velsen,300
2016,Heiloo,Zaanstad,300
2016,Hollands Kroon,'s-Gravenhage,100
2016,Hollands Kroon,Alkmaar,1700
2016,Hollands Kroon,Amsterdam,1000
2016,Hollands Kroon,Bergen (NH.),200
2016,Hollands Kroon,Beverwijk,100
2016,Hollands Kroon,Castricum,100
2016,Hollands Kroon,Den Helder,2600
2016,Hollands Kroon,Dijk en Waard,1500
2016,Hollands Kroon,Drechterland,100
2016,Hollands Kroon,Edam-Volendam,100
2016,Hollands Kroon,Enkhuizen,100
2016,Hollands Kroon,Haarlem,200
2016,Hollands Kroon,Haarlemmermeer,200
2016,Hollands Kroon,Hollands Kroon,6600
2016,Hollands Kroon,Hoorn,800
2016,Hollands Kroon,Huizen,100
2016,Hollands Kroon,Koggenland,200
2016,Hollands Kroon,Medemblik,800
2016,Hollands Kroon,Opmeer,200
2016,Hollands Kroon,Purmerend,300
2016,Hollands Kroon,Rotterdam,100
2016,Hollands Kroon,Schagen,2400
2016,Hollands Kroon,Stede Broec,100
2016,Hollands Kroon,Texel,200
2016,Hollands Kroon,Velsen,300
2016,Hollands Kroon,Westland,200
2016,Hollands Kroon,Zaanstad,200
2016,Hoorn,'s-Gravenhage,100
2016,Hoorn,Alkmaar,2600
2016,Hoorn,Almere,100
2016,Hoorn,Amstelveen,100
2016,Hoorn,Amsterdam,5500
2016,Hoorn,Bergen (NH.),100
2016,Hoorn,Beverwijk,100
2016,Hoorn,Den Helder,300
2016,Hoorn,Diemen,100
2016,Hoorn,Dijk en Waard,700
2016,Hoorn,Drechterland,400
2016,Hoorn,Edam-Volendam,400
2016,Hoorn,Enkhuizen,400
2016,Hoorn,Haarlem,300
2016,Hoorn,Haarlemmermeer,1100
2016,Hoorn,Hilversum,100
2016,Hoorn,Hollands Kroon,200
2016,Hoorn,Hoorn,12000
2016,Hoorn,Huizen,100
2016,Hoorn,Koggenland,800
2016,Hoorn,Lelystad,100
2016,Hoorn,Medemblik,1800
2016,Hoorn,Opmeer,200
2016,Hoorn,Ouder-Amstel,100
2016,Hoorn,Purmerend,1599
2016,Hoorn,Rotterdam,100
2016,Hoorn,Schagen,200
2016,Hoorn,Stede Broec,300
2016,Hoorn,Tiel,100
2016,Hoorn,Utrecht (gem),200
2016,Hoorn,Velsen,200
2016,Hoorn,Waterland,100
2016,Hoorn,Zaanstad,1000
2016,Koggenland,Alkmaar,1100
2016,Koggenland,Amsterdam,1000
2016,Koggenland,Bergen (NH.),100
2016,Koggenland,Beverwijk,100
2016,Koggenland,Castricum,100
2016,Koggenland,Den Helder,100
2016,Koggenland,Dijk en Waard,1100
2016,Koggenland,Drechterland,100
2016,Koggenland,Edam-Volendam,100
2016,Koggenland,Enkhuizen,100
2016,Koggenland,Haarlem,100
2016,Koggenland,Haarlemmermeer,300
2016,Koggenland,Hollands Kroon,100
2016,Koggenland,Hoorn,1400
2016,Koggenland,Koggenland,2700
2016,Koggenland,Medemblik,300
2016,Koggenland,Opmeer,200
2016,Koggenland,Purmerend,600
2016,Koggenland,Schagen,100
2016,Koggenland,Velsen,200
2016,Koggenland,Zaanstad,300
2016,Medemblik,Aalsmeer,100
2016,Medemblik,Alkmaar,1000
2016,Medemblik,Amsterdam,1600
2016,Medemblik,Bergen (NH.),100
2016,Medemblik,Beverwijk,100
2016,Medemblik,Den Helder,300
2016,Medemblik,Dijk en Waard,600
2016,Medemblik,Drechterland,400
2016,Medemblik,Edam-Volendam,200
2016,Medemblik,Enkhuizen,600
2016,Medemblik,Haarlem,100
2016,Medemblik,Haarlemmermeer,300
2016,Medemblik,Hilversum,100
2016,Medemblik,Hollands Kroon,800
2016,Medemblik,Hoorn,3300
2016,Medemblik,Huizen,100
2016,Medemblik,Koggenland,400
2016,Medemblik,Medemblik,6500
2016,Medemblik,Opmeer,500
2016,Medemblik,Purmerend,600
2016,Medemblik,Rotterdam,100
2016,Medemblik,Schagen,200
2016,Medemblik,Stede Broec,500
2016,Medemblik,Utrecht (gem),100
2016,Medemblik,Velsen,100
2016,Medemblik,Westland,100
2016,Medemblik,Zaanstad,300
2016,Opmeer,Alkmaar,500
2016,Opmeer,Amsterdam,300
2016,Opmeer,Den Helder,100
2016,Opmeer,Dijk en Waard,400
2016,Opmeer,Drechterland,100
2016,Opmeer,Haarlemmermeer,100
2016,Opmeer,Hollands Kroon,200
2016,Opmeer,Hoorn,800
2016,Opmeer,Koggenland,400
2016,Opmeer,Medemblik,500
2016,Opmeer,Opmeer,1300
2016,Opmeer,Purmerend,100
2016,Opmeer,Schagen,100
2016,Opmeer,Velsen,100
2016,Opmeer,Zaanstad,100
2016,Schagen,Alkmaar,2500
2016,Schagen,Amsterdam,1200
2016,Schagen,Bergen (NH.),700
2016,Schagen,Beverwijk,200
2016,Schagen,Castricum,200
2016,Schagen,Den Helder,1300
2016,Schagen,Dijk en Waard,1799
2016,Schagen,Haarlem,200
2016,Schagen,Haarlemmermeer,300
2016,Schagen,Heiloo,100
2016,Schagen,Hollands Kroon,900
2016,Schagen,Hoorn,500
2016,Schagen,Koggenland,200
2016,Schagen,Medemblik,200
2016,Schagen,Opmeer,200
2016,Schagen,Purmerend,300
2016,Schagen,Rotterdam,100
2016,Schagen,Schagen,7700
2016,Schagen,Utrecht (gem),100
2016,Schagen,Velsen,400
2016,Schagen,Zaanstad,400
2016,Schagen,Zandvoort,100
2016,Stede Broec,Alkmaar,400
2016,Stede Broec,Amsterdam,800
2016,Stede Broec,Den Helder,100
2016,Stede Broec,Dijk en Waard,200
2016,Stede Broec,Drechterland,600
2016,Stede Broec,Edam-Volendam,100
2016,Stede Broec,Enkhuizen,1200
2016,Stede Broec,Haarlem,100
2016,Stede Broec,Haarlemmermeer,200
2016,Stede Broec,Hollands Kroon,100
2016,Stede Broec,Hoorn,1300
2016,Stede Broec,Koggenland,100
2016,Stede Broec,Lelystad,100
2016,Stede Broec,Medemblik,1300
2016,Stede Broec,Opmeer,100
2016,Stede Broec,Purmerend,200
2016,Stede Broec,Stede Broec,2100
2016,Stede Broec,Velsen,100
2016,Stede Broec,Zaanstad,200
2016,Texel,Alkmaar,100
2016,Texel,Amsterdam,100
2016,Texel,Den Helder,300
2016,Texel,Hollands Kroon,100
2016,Texel,Schagen,100
2016,Texel,Texel,4500
2016,Uitgeest,Alkmaar,400
2016,Uitgeest,Amstelveen,100
2016,Uitgeest,Amsterdam,1200
2016,Uitgeest,Beverwijk,600
2016,Uitgeest,Castricum,400
2016,Uitgeest,Den Helder,100
2016,Uitgeest,Dijk en Waard,100
2016,Uitgeest,Haarlem,400
2016,Uitgeest,Haarlemmermeer,300
2016,Uitgeest,Heemskerk,400
2016,Uitgeest,Heemstede,100
2016,Uitgeest,Heiloo,100
2016,Uitgeest,Purmerend,100
2016,Uitgeest,Rotterdam,100
2016,Uitgeest,Schagen,100
2016,Uitgeest,Uitgeest,900
2016,Uitgeest,Velsen,500
2016,Uitgeest,Zaanstad,400
2017,Alkmaar,'s-Gravenhage,200
2017,Alkmaar,Alkmaar,19200
2017,Alkmaar,Almere,100
2017,Alkmaar,Amersfoort,100
2017,Alkmaar,Amstelveen,300
2017,Alkmaar,Amsterdam,6700
2017,Alkmaar,Bergen (NH.),1300
2017,Alkmaar,Beverwijk,600
2017,Alkmaar,Castricum,800
2017,Alkmaar,Den Helder,800
2017,Alkmaar,Diemen,100
2017,Alkmaar,Dijk en Waard,4400
2017,Alkmaar,Edam-Volendam,300
2017,Alkmaar,Enkhuizen,100
2017,Alkmaar,Haarlem,1500
2017,Alkmaar,Haarlemmermeer,2400
2017,Alkmaar,Heemskerk,300
2017,Alkmaar,Heemstede,100
2017,Alkmaar,Heiloo,1000
2017,Alkmaar,Helmond,100
2017,Alkmaar,Hilversum,100
2017,Alkmaar,Hollands Kroon,200
2017,Alkmaar,Hoorn,1000
2017,Alkmaar,Koggenland,400
2017,Alkmaar,Leiden,100
2017,Alkmaar,Medemblik,300
2017,Alkmaar,Nieuwegein,100
2017,Alkmaar,Opmeer,100
2017,Alkmaar,Ouder-Amstel,100
2017,Alkmaar,Purmerend,1300
2017,Alkmaar,Rotterdam,200
2017,Alkmaar,Schagen,1100
2017,Alkmaar,Tilburg,100
2017,Alkmaar,Uitgeest,200
2017,Alkmaar,Uithoorn,100
2017,Alkmaar,Utrecht (gem),300
2017,Alkmaar,Velsen,1600
2017,Alkmaar,Waterland,100
2017,Alkmaar,Wormerland,200
2017,Alkmaar,Zaanstad,1700
2017,Alkmaar,Zandvoort,100
2017,Bergen (NH.),'s-Gravenhage,100
2017,Bergen (NH.),Alkmaar,2200
2017,Bergen (NH.),Amsterdam,1300
2017,Bergen (NH.),Bergen (NH.),3300
2017,Bergen (NH.),Beverwijk,100
2017,Bergen (NH.),Castricum,300
2017,Bergen (NH.),Den Helder,200
2017,Bergen (NH.),Dijk en Waard,600
2017,Bergen (NH.),Haarlem,200
2017,Bergen (NH.),Haarlemmermeer,500
2017,Bergen (NH.),Heemskerk,100
2017,Bergen (NH.),Heiloo,400
2017,Bergen (NH.),Hoorn,100
2017,Bergen (NH.),Purmerend,100
2017,Bergen (NH.),Rotterdam,100
2017,Bergen (NH.),Schagen,300
2017,Bergen (NH.),Utrecht (gem),100
2017,Bergen (NH.),Velsen,400
2017,Bergen (NH.),Zaanstad,200
2017,Castricum,'s-Gravenhage,100
2017,Castricum,Alkmaar,1600
2017,Castricum,Amstelveen,100
2017,Castricum,Amsterdam,2700
2017,Castricum,Bergen (NH.),200
2017,Castricum,Beverwijk,700
2017,Castricum,Castricum,3900
2017,Castricum,Den Helder,100
2017,Castricum,Dijk en Waard,400
2017,Castricum,Haarlem,600
2017,Castricum,Haarlemmermeer,900
2017,Castricum,Heemskerk,800
2017,Castricum,Heiloo,700
2017,Castricum,Hoorn,100
2017,Castricum,Leiden,100
2017,Castricum,Purmerend,100
2017,Castricum,Rotterdam,100
2017,Castricum,Schagen,100
2017,Castricum,Tilburg,100
2017,Castricum,Uitgeest,300
2017,Castricum,Uithoorn,100
2017,Castricum,Utrecht (gem),100
2017,Castricum,Velsen,800
2017,Castricum,Zaanstad,700
2017,Den Helder,'s-Gravenhage,100
2017,Den Helder,Alkmaar,1400
2017,Den Helder,Amsterdam,900
2017,Den Helder,Barneveld,100
2017,Den Helder,Bergen (NH.),100
2017,Den Helder,Beverwijk,200
2017,Den Helder,Den Helder,15400
2017,Den Helder,Dijk en Waard,700
2017,Den Helder,Enkhuizen,200
2017,Den Helder,Haarlem,200
2017,Den Helder,Haarlemmermeer,300
2017,Den Helder,Heiloo,100
2017,Den Helder,Hollands Kroon,800
2017,Den Helder,Hoorn,300
2017,Den Helder,Medemblik,100
2017,Den Helder,Purmerend,100
2017,Den Helder,Rotterdam,100
2017,Den Helder,Schagen,1600
2017,Den Helder,Stede Broec,100
2017,Den Helder,Texel,500
2017,Den Helder,Tilburg,100
2017,Den Helder,Utrecht (gem),100
2017,Den Helder,Velsen,400
2017,Den Helder,Zaanstad,100
2017,Drechterland,Alkmaar,300
2017,Drechterland,Amsterdam,700
2017,Drechterland,Den Helder,100
2017,Drechterland,Dijk en Waard,100
2017,Drechterland,Drechterland,1700
2017,Drechterland,Edam-Volendam,100
2017,Drechterland,Enkhuizen,500
2017,Drechterland,Haarlemmermeer,100
2017,Drechterland,Hollands Kroon,100
2017,Drechterland,Hoorn,1800
2017,Drechterland,Koggenland,100
2017,Drechterland,Medemblik,1400
2017,Drechterland,Opmeer,100
2017,Drechterland,Purmerend,200
2017,Drechterland,Schagen,100
2017,Drechterland,Stede Broec,600
2017,Drechterland,Velsen,100
2017,Drechterland,Zaanstad,100
2017,Enkhuizen,Alkmaar,300
2017,Enkhuizen,Amsterdam,600
2017,Enkhuizen,Den Helder,100
2017,Enkhuizen,Dijk en Waard,100
2017,Enkhuizen,Drechterland,200
2017,Enkhuizen,Enkhuizen,2700
2017,Enkhuizen,Haarlemmermeer,100
2017,Enkhuizen,Hollands Kroon,200
2017,Enkhuizen,Hoorn,1100
2017,Enkhuizen,Koggenland,100
2017,Enkhuizen,Lelystad,100
2017,Enkhuizen,Medemblik,900
2017,Enkhuizen,Opmeer,100
2017,Enkhuizen,Purmerend,200
2017,Enkhuizen,Stede Broec,700
2017,Enkhuizen,Waterland,100
2017,Enkhuizen,Zaanstad,100
2017,Heiloo,'s-Gravenhage,100
2017,Heiloo,Alkmaar,2200
2017,Heiloo,Amstelveen,100
2017,Heiloo,Amsterdam,1500
2017,Heiloo,Bergen (NH.),400
2017,Heiloo,Beverwijk,200
2017,Heiloo,Castricum,400
2017,Heiloo,Den Helder,100
2017,Heiloo,Dijk en Waard,500
2017,Heiloo,Haarlem,300
2017,Heiloo,Haarlemmermeer,500
2017,Heiloo,Heemskerk,100
2017,Heiloo,Heiloo,1800
2017,Heiloo,Hoorn,100
2017,Heiloo,Purmerend,100
2017,Heiloo,Rotterdam,100
2017,Heiloo,Schagen,100
2017,Heiloo,Uitgeest,100
2017,Heiloo,Utrecht (gem),100
2017,Heiloo,Velsen,300
2017,Heiloo,Zaanstad,300
2017,Hollands Kroon,'s-Gravenhage,100
2017,Hollands Kroon,Alkmaar,1500
2017,Hollands Kroon,Amsterdam,1100
2017,Hollands Kroon,Bergen (NH.),200
2017,Hollands Kroon,Beverwijk,200
2017,Hollands Kroon,Castricum,100
2017,Hollands Kroon,Den Helder,2600
2017,Hollands Kroon,Dijk en Waard,1400
2017,Hollands Kroon,Drechterland,100
2017,Hollands Kroon,Edam-Volendam,100
2017,Hollands Kroon,Enkhuizen,200
2017,Hollands Kroon,Haarlem,100
2017,Hollands Kroon,Haarlemmermeer,300
2017,Hollands Kroon,Heiloo,100
2017,Hollands Kroon,Hollands Kroon,6800
2017,Hollands Kroon,Hoorn,800
2017,Hollands Kroon,Koggenland,200
2017,Hollands Kroon,Medemblik,700
2017,Hollands Kroon,Opmeer,200
2017,Hollands Kroon,Purmerend,300
2017,Hollands Kroon,Rotterdam,100
2017,Hollands Kroon,Schagen,2400
2017,Hollands Kroon,Stede Broec,100
2017,Hollands Kroon,Texel,200
2017,Hollands Kroon,Utrecht (gem),100
2017,Hollands Kroon,Velsen,400
2017,Hollands Kroon,Westland,200
2017,Hollands Kroon,Zaanstad,200
2017,Hoorn,'s-Gravenhage,100
2017,Hoorn,Alkmaar,2400
2017,Hoorn,Almere,100
2017,Hoorn,Amstelveen,200
2017,Hoorn,Amsterdam,5200
2017,Hoorn,Arnhem,100
2017,Hoorn,Bergen (NH.),100
2017,Hoorn,Beverwijk,200
2017,Hoorn,Castricum,100
2017,Hoorn,Den Helder,400
2017,Hoorn,Diemen,100
2017,Hoorn,Dijk en Waard,900
2017,Hoorn,Drechterland,600
2017,Hoorn,Edam-Volendam,400
2017,Hoorn,Enkhuizen,400
2017,Hoorn,Gooise Meren,100
2017,Hoorn,Haarlem,300
2017,Hoorn,Haarlemmermeer,1000
2017,Hoorn,Heemskerk,100
2017,Hoorn,Hilversum,100
2017,Hoorn,Hollands Kroon,300
2017,Hoorn,Hoorn,12300
2017,Hoorn,Huizen,100
2017,Hoorn,Koggenland,800
2017,Hoorn,Lelystad,100
2017,Hoorn,Medemblik,1900
2017,Hoorn,Nieuwegein,100
2017,Hoorn,Opmeer,300
2017,Hoorn,Ouder-Amstel,100
2017,Hoorn,Purmerend,1600
2017,Hoorn,Rotterdam,100
2017,Hoorn,Schagen,200
2017,Hoorn,Stede Broec,300
2017,Hoorn,Tiel,100
2017,Hoorn,Utrecht (gem),200
2017,Hoorn,Velsen,200
2017,Hoorn,Waterland,100
2017,Hoorn,Zaanstad,1400
2017,Koggenland,Alkmaar,1200
2017,Koggenland,Amsterdam,1000
2017,Koggenland,Bergen (NH.),100
2017,Koggenland,Beverwijk,100
2017,Koggenland,Castricum,100
2017,Koggenland,Den Helder,100
2017,Koggenland,Dijk en Waard,1100
2017,Koggenland,Drechterland,100
2017,Koggenland,Edam-Volendam,100
2017,Koggenland,Enkhuizen,100
2017,Koggenland,Haarlem,100
2017,Koggenland,Haarlemmermeer,200
2017,Koggenland,Hollands Kroon,100
2017,Koggenland,Hoorn,1600
2017,Koggenland,Koggenland,2600
2017,Koggenland,Medemblik,400
2017,Koggenland,Opmeer,400
2017,Koggenland,Purmerend,600
2017,Koggenland,Schagen,200
2017,Koggenland,Velsen,200
2017,Koggenland,Zaanstad,300
2017,Medemblik,'s-Gravenhage,100
2017,Medemblik,Aalsmeer,100
2017,Medemblik,Alkmaar,1000
2017,Medemblik,Amsterdam,1700
2017,Medemblik,Bergen (NH.),100
2017,Medemblik,Beverwijk,100
2017,Medemblik,Den Helder,400
2017,Medemblik,Dijk en Waard,500
2017,Medemblik,Drechterland,500
2017,Medemblik,Edam-Volendam,200
2017,Medemblik,Enkhuizen,700
2017,Medemblik,Haarlem,100
2017,Medemblik,Haarlemmermeer,300
2017,Medemblik,Hollands Kroon,800
2017,Medemblik,Hoorn,3600
2017,Medemblik,Koggenland,500
2017,Medemblik,Medemblik,6600
2017,Medemblik,Opmeer,500
2017,Medemblik,Purmerend,400
2017,Medemblik,Schagen,200
2017,Medemblik,Stede Broec,400
2017,Medemblik,Utrecht (gem),100
2017,Medemblik,Velsen,200
2017,Medemblik,Westland,200
2017,Medemblik,Zaanstad,300
2017,Opmeer,Alkmaar,500
2017,Opmeer,Amsterdam,400
2017,Opmeer,Den Helder,100
2017,Opmeer,Dijk en Waard,500
2017,Opmeer,Haarlemmermeer,100
2017,Opmeer,Hollands Kroon,200
2017,Opmeer,Hoorn,700
2017,Opmeer,Koggenland,500
2017,Opmeer,Medemblik,600
2017,Opmeer,Opmeer,1300
2017,Opmeer,Purmerend,100
2017,Opmeer,Schagen,100
2017,Opmeer,Velsen,100
2017,Opmeer,Zaanstad,100
2017,Schagen,'s-Gravenhage,100
2017,Schagen,Alkmaar,2600
2017,Schagen,Amsterdam,1300
2017,Schagen,Bergen (NH.),800
2017,Schagen,Beverwijk,100
2017,Schagen,Castricum,200
2017,Schagen,Den Helder,1100
2017,Schagen,Dijk en Waard,1799
2017,Schagen,Edam-Volendam,100
2017,Schagen,Enkhuizen,100
2017,Schagen,Haarlem,200
2017,Schagen,Haarlemmermeer,400
2017,Schagen,Heemskerk,100
2017,Schagen,Heiloo,100
2017,Schagen,Hollands Kroon,900
2017,Schagen,Hoorn,400
2017,Schagen,Koggenland,100
2017,Schagen,Medemblik,100
2017,Schagen,Opmeer,100
2017,Schagen,Purmerend,200
2017,Schagen,Rotterdam,100
2017,Schagen,Schagen,7900
2017,Schagen,Utrecht (gem),100
2017,Schagen,Velsen,500
2017,Schagen,Zaanstad,400
2017,Schagen,Zandvoort,100
2017,Stede Broec,Alkmaar,400
2017,Stede Broec,Amsterdam,800
2017,Stede Broec,Den Helder,100
2017,Stede Broec,Dijk en Waard,100
2017,Stede Broec,Drechterland,600
2017,Stede Broec,Edam-Volendam,100
2017,Stede Broec,Enkhuizen,1200
2017,Stede Broec,Haarlem,100
2017,Stede Broec,Haarlemmermeer,200
2017,Stede Broec,Hollands Kroon,100
2017,Stede Broec,Hoorn,1400
2017,Stede Broec,Koggenland,100
2017,Stede Broec,Lelystad,100
2017,Stede Broec,Medemblik,1300
2017,Stede Broec,Opmeer,100
2017,Stede Broec,Purmerend,200
2017,Stede Broec,Stede Broec,2200
2017,Stede Broec,Velsen,100
2017,Stede Broec,Zaanstad,100
2017,Texel,Alkmaar,100
2017,Texel,Amsterdam,100
2017,Texel,Den Helder,300
2017,Texel,Schagen,100
2017,Texel,Texel,4600
2017,Uitgeest,Alkmaar,400
2017,Uitgeest,Amstelveen,100
2017,Uitgeest,Amsterdam,1200
2017,Uitgeest,Beverwijk,500
2017,Uitgeest,Castricum,500
2017,Uitgeest,Den Helder,100
2017,Uitgeest,Dijk en Waard,100
2017,Uitgeest,Haarlem,400
2017,Uitgeest,Haarlemmermeer,300
2017,Uitgeest,Heemskerk,500
2017,Uitgeest,Heemstede,100
2017,Uitgeest,Heiloo,100
2017,Uitgeest,Purmerend,100
2017,Uitgeest,Rotterdam,100
2017,Uitgeest,Uitgeest,800
2017,Uitgeest,Utrecht (gem),100
2017,Uitgeest,Velsen,600
2017,Uitgeest,Zaanstad,500
2018,Alkmaar,'s-Gravenhage,200
2018,Alkmaar,Aalsmeer,100
2018,Alkmaar,Alkmaar,20000
2018,Alkmaar,Almere,100
2018,Alkmaar,Amersfoort,100
2018,Alkmaar,Amstelveen,300
2018,Alkmaar,Amsterdam,6700
2018,Alkmaar,Bergen (NH.),1200
2018,Alkmaar,Beverwijk,700
2018,Alkmaar,Bloemendaal,100
2018,Alkmaar,Castricum,600
2018,Alkmaar,Den Helder,800
2018,Alkmaar,Diemen,200
2018,Alkmaar,Dijk en Waard,4500
2018,Alkmaar,Edam-Volendam,200
2018,Alkmaar,Enkhuizen,100
2018,Alkmaar,Haarlem,1400
2018,Alkmaar,Haarlemmermeer,2000
2018,Alkmaar,Heemskerk,300
2018,Alkmaar,Heemstede,100
2018,Alkmaar,Heiloo,900
2018,Alkmaar,Helmond,100
2018,Alkmaar,Hilversum,100
2018,Alkmaar,Hollands Kroon,200
2018,Alkmaar,Hoorn,1100
2018,Alkmaar,Koggenland,300
2018,Alkmaar,Leiden,100
2018,Alkmaar,Medemblik,200
2018,Alkmaar,Nieuwegein,100
2018,Alkmaar,Oostzaan,100
2018,Alkmaar,Opmeer,100
2018,Alkmaar,Ouder-Amstel,100
2018,Alkmaar,Purmerend,1400
2018,Alkmaar,Rotterdam,200
2018,Alkmaar,Schagen,1000
2018,Alkmaar,Tilburg,100
2018,Alkmaar,Uitgeest,200
2018,Alkmaar,Utrecht (gem),300
2018,Alkmaar,Velsen,1800
2018,Alkmaar,Waterland,100
2018,Alkmaar,Wormerland,100
2018,Alkmaar,Zaanstad,2000
2018,Bergen (NH.),'s-Gravenhage,100
2018,Bergen (NH.),Alkmaar,2300
2018,Bergen (NH.),Amstelveen,100
2018,Bergen (NH.),Amsterdam,1300
2018,Bergen (NH.),Bergen (NH.),3200
2018,Bergen (NH.),Beverwijk,200
2018,Bergen (NH.),Castricum,400
2018,Bergen (NH.),Den Helder,100
2018,Bergen (NH.),Dijk en Waard,700
2018,Bergen (NH.),Haarlem,200
2018,Bergen (NH.),Haarlemmermeer,400
2018,Bergen (NH.),Heemskerk,100
2018,Bergen (NH.),Heiloo,400
2018,Bergen (NH.),Hoorn,100
2018,Bergen (NH.),Purmerend,100
2018,Bergen (NH.),Rotterdam,100
2018,Bergen (NH.),Schagen,400
2018,Bergen (NH.),Uitgeest,100
2018,Bergen (NH.),Velsen,400
2018,Bergen (NH.),Zaanstad,300
2018,Castricum,'s-Gravenhage,100
2018,Castricum,Aalsmeer,100
2018,Castricum,Alkmaar,1800
2018,Castricum,Almere,100
2018,Castricum,Amstelveen,100
2018,Castricum,Amsterdam,2700
2018,Castricum,Bergen (NH.),300
2018,Castricum,Beverwijk,700
2018,Castricum,Castricum,3900
2018,Castricum,Den Helder,200
2018,Castricum,Diemen,100
2018,Castricum,Dijk en Waard,400
2018,Castricum,Haarlem,500
2018,Castricum,Haarlemmermeer,799
2018,Castricum,Heemskerk,700
2018,Castricum,Heiloo,800
2018,Castricum,Hoorn,100
2018,Castricum,Leiden,100
2018,Castricum,Purmerend,100
2018,Castricum,Rotterdam,100
2018,Castricum,Schagen,100
2018,Castricum,Tilburg,100
2018,Castricum,Uitgeest,300
2018,Castricum,Utrecht (gem),100
2018,Castricum,Velsen,900
2018,Castricum,Zaanstad,800
2018,Den Helder,'s-Gravenhage,100
2018,Den Helder,Alkmaar,1300
2018,Den Helder,Amstelveen,100
2018,Den Helder,Amsterdam,800
2018,Den Helder,Bergen (NH.),100
2018,Den Helder,Beverwijk,200
2018,Den Helder,Castricum,100
2018,Den Helder,Den Helder,15600
2018,Den Helder,Dijk en Waard,700
2018,Den Helder,Enkhuizen,200
2018,Den Helder,Haarlem,200
2018,Den Helder,Haarlemmermeer,300
2018,Den Helder,Heemskerk,100
2018,Den Helder,Heiloo,100
2018,Den Helder,Hollands Kroon,800
2018,Den Helder,Hoorn,200
2018,Den Helder,Medemblik,200
2018,Den Helder,Opmeer,100
2018,Den Helder,Purmerend,100
2018,Den Helder,Rotterdam,200
2018,Den Helder,Schagen,1600
2018,Den Helder,Texel,600
2018,Den Helder,Tilburg,100
2018,Den Helder,Utrecht (gem),100
2018,Den Helder,Velsen,400
2018,Den Helder,Zaanstad,300
2018,Drechterland,Alkmaar,300
2018,Drechterland,Amsterdam,700
2018,Drechterland,Den Helder,100
2018,Drechterland,Dijk en Waard,200
2018,Drechterland,Drechterland,1700
2018,Drechterland,Edam-Volendam,100
2018,Drechterland,Enkhuizen,600
2018,Drechterland,Haarlem,100
2018,Drechterland,Haarlemmermeer,200
2018,Drechterland,Hollands Kroon,100
2018,Drechterland,Hoorn,1800
2018,Drechterland,Koggenland,100
2018,Drechterland,Medemblik,1500
2018,Drechterland,Opmeer,100
2018,Drechterland,Purmerend,300
2018,Drechterland,Schagen,100
2018,Drechterland,Stede Broec,600
2018,Drechterland,Velsen,100
2018,Drechterland,Zaanstad,100
2018,Enkhuizen,Alkmaar,200
2018,Enkhuizen,Amsterdam,500
2018,Enkhuizen,Den Helder,100
2018,Enkhuizen,Dijk en Waard,100
2018,Enkhuizen,Drechterland,200
2018,Enkhuizen,Ede,100
2018,Enkhuizen,Enkhuizen,2700
2018,Enkhuizen,Haarlem,100
2018,Enkhuizen,Haarlemmermeer,100
2018,Enkhuizen,Hilversum,100
2018,Enkhuizen,Hollands Kroon,100
2018,Enkhuizen,Hoorn,1100
2018,Enkhuizen,Koggenland,100
2018,Enkhuizen,Lelystad,100
2018,Enkhuizen,Medemblik,900
2018,Enkhuizen,Purmerend,100
2018,Enkhuizen,Stede Broec,700
2018,Enkhuizen,Waterland,100
2018,Enkhuizen,Zaanstad,100
2018,Heiloo,'s-Gravenhage,100
2018,Heiloo,Alkmaar,2300
2018,Heiloo,Amstelveen,100
2018,Heiloo,Amsterdam,1500
2018,Heiloo,Bergen (NH.),400
2018,Heiloo,Beverwijk,200
2018,Heiloo,Castricum,400
2018,Heiloo,Den Helder,100
2018,Heiloo,Dijk en Waard,500
2018,Heiloo,Haarlem,300
2018,Heiloo,Haarlemmermeer,500
2018,Heiloo,Heemskerk,100
2018,Heiloo,Heiloo,1800
2018,Heiloo,Hoorn,100
2018,Heiloo,Purmerend,100
2018,Heiloo,Rotterdam,100
2018,Heiloo,Schagen,100
2018,Heiloo,Utrecht (gem),100
2018,Heiloo,Velsen,300
2018,Heiloo,Zaanstad,300
2018,Hollands Kroon,'s-Gravenhage,100
2018,Hollands Kroon,Alkmaar,1700
2018,Hollands Kroon,Amsterdam,900
2018,Hollands Kroon,Bergen (NH.),300
2018,Hollands Kroon,Beverwijk,200
2018,Hollands Kroon,Castricum,100
2018,Hollands Kroon,Den Helder,2500
2018,Hollands Kroon,Dijk en Waard,1500
2018,Hollands Kroon,Drechterland,100
2018,Hollands Kroon,Edam-Volendam,100
2018,Hollands Kroon,Enkhuizen,100
2018,Hollands Kroon,Haarlem,100
2018,Hollands Kroon,Haarlemmermeer,200
2018,Hollands Kroon,Heiloo,100
2018,Hollands Kroon,Hilversum,100
2018,Hollands Kroon,Hollands Kroon,7300
2018,Hollands Kroon,Hoorn,800
2018,Hollands Kroon,Koggenland,200
2018,Hollands Kroon,Medemblik,800
2018,Hollands Kroon,Opmeer,200
2018,Hollands Kroon,Purmerend,200
2018,Hollands Kroon,Rotterdam,100
2018,Hollands Kroon,Schagen,2300
2018,Hollands Kroon,Stede Broec,100
2018,Hollands Kroon,Texel,200
2018,Hollands Kroon,Utrecht (gem),100
2018,Hollands Kroon,Velsen,400
2018,Hollands Kroon,Westland,300
2018,Hollands Kroon,Zaanstad,300
2018,Hoorn,'s-Gravenhage,100
2018,Hoorn,Aalsmeer,100
2018,Hoorn,Alkmaar,2500
2018,Hoorn,Almere,100
2018,Hoorn,Amstelveen,200
2018,Hoorn,Amsterdam,4800
2018,Hoorn,Bergen (NH.),100
2018,Hoorn,Beverwijk,100
2018,Hoorn,Breda,100
2018,Hoorn,Castricum,100
2018,Hoorn,Den Helder,400
2018,Hoorn,Diemen,200
2018,Hoorn,Dijk en Waard,900
2018,Hoorn,Drechterland,600
2018,Hoorn,Edam-Volendam,400
2018,Hoorn,Enkhuizen,400
2018,Hoorn,Haarlem,400
2018,Hoorn,Haarlemmermeer,1700
2018,Hoorn,Heiloo,100
2018,Hoorn,Hilversum,100
2018,Hoorn,Hollands Kroon,300
2018,Hoorn,Hoorn,12900
2018,Hoorn,Huizen,100
2018,Hoorn,Koggenland,600
2018,Hoorn,Lelystad,100
2018,Hoorn,Medemblik,2100
2018,Hoorn,Nieuwegein,100
2018,Hoorn,Oostzaan,100
2018,Hoorn,Opmeer,400
2018,Hoorn,Ouder-Amstel,100
2018,Hoorn,Purmerend,1599
2018,Hoorn,Rotterdam,100
2018,Hoorn,Schagen,200
2018,Hoorn,Stede Broec,300
2018,Hoorn,Tiel,100
2018,Hoorn,Utrecht (gem),200
2018,Hoorn,Velsen,200
2018,Hoorn,Zaanstad,800
2018,Koggenland,Alkmaar,1200
2018,Koggenland,Amsterdam,900
2018,Koggenland,Bergen (NH.),100
2018,Koggenland,Beverwijk,100
2018,Koggenland,Den Helder,100
2018,Koggenland,Dijk en Waard,1100
2018,Koggenland,Drechterland,100
2018,Koggenland,Edam-Volendam,100
2018,Koggenland,Enkhuizen,100
2018,Koggenland,Haarlem,100
2018,Koggenland,Haarlemmermeer,200
2018,Koggenland,Hollands Kroon,100
2018,Koggenland,Hoorn,1700
2018,Koggenland,Koggenland,2900
2018,Koggenland,Medemblik,400
2018,Koggenland,Opmeer,300
2018,Koggenland,Purmerend,600
2018,Koggenland,Schagen,200
2018,Koggenland,Stede Broec,100
2018,Koggenland,Velsen,200
2018,Koggenland,Zaanstad,300
2018,Medemblik,Alkmaar,900
2018,Medemblik,Amsterdam,1500
2018,Medemblik,Beverwijk,100
2018,Medemblik,Den Helder,500
2018,Medemblik,Diemen,100
2018,Medemblik,Dijk en Waard,700
2018,Medemblik,Drechterland,400
2018,Medemblik,Edam-Volendam,200
2018,Medemblik,Enkhuizen,700
2018,Medemblik,Haarlem,200
2018,Medemblik,Haarlemmermeer,300
2018,Medemblik,Hilversum,200
2018,Medemblik,Hollands Kroon,900
2018,Medemblik,Hoorn,3500
2018,Medemblik,Koggenland,400
2018,Medemblik,Medemblik,6700
2018,Medemblik,Opmeer,600
2018,Medemblik,Purmerend,500
2018,Medemblik,Schagen,200
2018,Medemblik,Stede Broec,400
2018,Medemblik,Utrecht (gem),100
2018,Medemblik,Velsen,100
2018,Medemblik,Westland,100
2018,Medemblik,Zaanstad,400
2018,Opmeer,Alkmaar,400
2018,Opmeer,Amsterdam,300
2018,Opmeer,Den Helder,100
2018,Opmeer,Dijk en Waard,500
2018,Opmeer,Haarlemmermeer,100
2018,Opmeer,Hollands Kroon,200
2018,Opmeer,Hoorn,800
2018,Opmeer,Koggenland,400
2018,Opmeer,Medemblik,500
2018,Opmeer,Opmeer,1400
2018,Opmeer,Purmerend,100
2018,Opmeer,Schagen,100
2018,Opmeer,Velsen,100
2018,Opmeer,Westland,100
2018,Opmeer,Zaanstad,100
2018,Schagen,'s-Gravenhage,100
2018,Schagen,Alkmaar,2700
2018,Schagen,Amsterdam,1200
2018,Schagen,Bergen (NH.),800
2018,Schagen,Beverwijk,200
2018,Schagen,Castricum,100
2018,Schagen,Den Helder,1100
2018,Schagen,Dijk en Waard,2100
2018,Schagen,Haarlem,200
2018,Schagen,Haarlemmermeer,300
2018,Schagen,Heemskerk,100
2018,Schagen,Heiloo,100
2018,Schagen,Hollands Kroon,900
2018,Schagen,Hoorn,500
2018,Schagen,Koggenland,100
2018,Schagen,Medemblik,200
2018,Schagen,Opmeer,100
2018,Schagen,Purmerend,200
2018,Schagen,Rotterdam,100
2018,Schagen,Schagen,8100
2018,Schagen,Texel,100
2018,Schagen,Utrecht (gem),100
2018,Schagen,Velsen,600
2018,Schagen,Zaanstad,400
2018,Stede Broec,Alkmaar,300
2018,Stede Broec,Amsterdam,800
2018,Stede Broec,Den Helder,200
2018,Stede Broec,Dijk en Waard,200
2018,Stede Broec,Drechterland,600
2018,Stede Broec,Edam-Volendam,100
2018,Stede Broec,Enkhuizen,1400
2018,Stede Broec,Haarlem,100
2018,Stede Broec,Haarlemmermeer,200
2018,Stede Broec,Hollands Kroon,100
2018,Stede Broec,Hoorn,1400
2018,Stede Broec,Koggenland,100
2018,Stede Broec,Lelystad,100
2018,Stede Broec,Medemblik,1400
2018,Stede Broec,Opmeer,100
2018,Stede Broec,Purmerend,200
2018,Stede Broec,Stede Broec,2300
2018,Stede Broec,Velsen,100
2018,Stede Broec,Zaanstad,100
2018,Texel,Alkmaar,100
2018,Texel,Amsterdam,100
2018,Texel,Den Helder,200
2018,Texel,Texel,4800
2018,Uitgeest,Alkmaar,400
2018,Uitgeest,Amstelveen,100
2018,Uitgeest,Amsterdam,1300
2018,Uitgeest,Beverwijk,500
2018,Uitgeest,Castricum,500
2018,Uitgeest,Den Helder,100
2018,Uitgeest,Diemen,100
2018,Uitgeest,Dijk en Waard,100
2018,Uitgeest,Haarlem,500
2018,Uitgeest,Haarlemmermeer,300
2018,Uitgeest,Heemskerk,400
2018,Uitgeest,Heemstede,100
2018,Uitgeest,Heiloo,100
2018,Uitgeest,Purmerend,100
2018,Uitgeest,Uitgeest,1000
2018,Uitgeest,Utrecht (gem),100
2018,Uitgeest,Velsen,600
2018,Uitgeest,Zaanstad,500
2019,Alkmaar,'s-Gravenhage,200
2019,Alkmaar,Aalsmeer,100
2019,Alkmaar,Alkmaar,19800
2019,Alkmaar,Almere,100
2019,Alkmaar,Amersfoort,100
2019,Alkmaar,Amstelveen,400
2019,Alkmaar,Amsterdam,6300
2019,Alkmaar,Bergen (NH.),1700
2019,Alkmaar,Beverwijk,800
2019,Alkmaar,Bloemendaal,100
2019,Alkmaar,Castricum,700
2019,Alkmaar,Den Helder,900
2019,Alkmaar,Deventer,100
2019,Alkmaar,Diemen,100
2019,Alkmaar,Dijk en Waard,3699
2019,Alkmaar,Edam-Volendam,200
2019,Alkmaar,Enkhuizen,100
2019,Alkmaar,Haarlem,2000
2019,Alkmaar,Haarlemmermeer,3000
2019,Alkmaar,Heemskerk,300
2019,Alkmaar,Heemstede,100
2019,Alkmaar,Heiloo,900
2019,Alkmaar,Helmond,100
2019,Alkmaar,Hilversum,100
2019,Alkmaar,Hollands Kroon,200
2019,Alkmaar,Hoorn,900
2019,Alkmaar,Koggenland,300
2019,Alkmaar,Leiden,100
2019,Alkmaar,Medemblik,200
2019,Alkmaar,Nieuwegein,100
2019,Alkmaar,Oostzaan,100
2019,Alkmaar,Opmeer,100
2019,Alkmaar,Ouder-Amstel,100
2019,Alkmaar,Purmerend,1300
2019,Alkmaar,Rijssen-Holten,100
2019,Alkmaar,Rotterdam,200
2019,Alkmaar,Schagen,1200
2019,Alkmaar,Stede Broec,100
2019,Alkmaar,Texel,100
2019,Alkmaar,Tilburg,100
2019,Alkmaar,Uitgeest,200
2019,Alkmaar,Uithoorn,100
2019,Alkmaar,Utrecht (gem),400
2019,Alkmaar,Veenendaal,100
2019,Alkmaar,Velsen,1500
2019,Alkmaar,Waterland,100
2019,Alkmaar,Wormerland,100
2019,Alkmaar,Zaanstad,1700
2019,Bergen (NH.),'s-Gravenhage,100
2019,Bergen (NH.),Alkmaar,2100
2019,Bergen (NH.),Amstelveen,100
2019,Bergen (NH.),Amsterdam,1200
2019,Bergen (NH.),Bergen (NH.),3300
2019,Bergen (NH.),Beverwijk,200
2019,Bergen (NH.),Castricum,400
2019,Bergen (NH.),Den Helder,200
2019,Bergen (NH.),Dijk en Waard,500
2019,Bergen (NH.),Drechterland,100
2019,Bergen (NH.),Haarlem,300
2019,Bergen (NH.),Haarlemmermeer,500
2019,Bergen (NH.),Heemskerk,100
2019,Bergen (NH.),Heiloo,300
2019,Bergen (NH.),Hoorn,200
2019,Bergen (NH.),Purmerend,100
2019,Bergen (NH.),Rotterdam,100
2019,Bergen (NH.),Schagen,300
2019,Bergen (NH.),Uitgeest,100
2019,Bergen (NH.),Utrecht (gem),100
2019,Bergen (NH.),Velsen,400
2019,Bergen (NH.),Zaanstad,300
2019,Castricum,'s-Gravenhage,100
2019,Castricum,Alkmaar,2000
2019,Castricum,Amstelveen,100
2019,Castricum,Amsterdam,2600
2019,Castricum,Bergen (NH.),200
2019,Castricum,Beverwijk,700
2019,Castricum,Bloemendaal,100
2019,Castricum,Castricum,3800
2019,Castricum,Den Helder,100
2019,Castricum,Dijk en Waard,300
2019,Castricum,Haarlem,700
2019,Castricum,Haarlemmermeer,900
2019,Castricum,Heemskerk,500
2019,Castricum,Heiloo,600
2019,Castricum,Hoorn,100
2019,Castricum,Leiden,100
2019,Castricum,Purmerend,100
2019,Castricum,Rotterdam,100
2019,Castricum,Schagen,100
2019,Castricum,Tilburg,100
2019,Castricum,Uitgeest,500
2019,Castricum,Uithoorn,100
2019,Castricum,Utrecht (gem),100
2019,Castricum,Velsen,1000
2019,Castricum,Wormerland,100
2019,Castricum,Zaanstad,800
2019,Castricum,Zandvoort,100
2019,Den Helder,'s-Gravenhage,100
2019,Den Helder,Alkmaar,1000
2019,Den Helder,Amsterdam,1000
2019,Den Helder,Arnhem,100
2019,Den Helder,Bergen (NH.),100
2019,Den Helder,Beverwijk,200
2019,Den Helder,Castricum,100
2019,Den Helder,Den Helder,15900
2019,Den Helder,Dijk en Waard,700
2019,Den Helder,Enkhuizen,100
2019,Den Helder,Haarlem,200
2019,Den Helder,Haarlemmermeer,300
2019,Den Helder,Hollands Kroon,900
2019,Den Helder,Hoorn,300
2019,Den Helder,Koggenland,100
2019,Den Helder,Medemblik,100
2019,Den Helder,Purmerend,200
2019,Den Helder,Rotterdam,100
2019,Den Helder,Schagen,1900
2019,Den Helder,Texel,600
2019,Den Helder,Utrecht (gem),100
2019,Den Helder,Velsen,300
2019,Den Helder,Zaanstad,500
2019,Drechterland,Alkmaar,300
2019,Drechterland,Amsterdam,800
2019,Drechterland,Den Helder,100
2019,Drechterland,Dijk en Waard,100
2019,Drechterland,Drechterland,1900
2019,Drechterland,Edam-Volendam,100
2019,Drechterland,Enkhuizen,600
2019,Drechterland,Haarlem,100
2019,Drechterland,Haarlemmermeer,100
2019,Drechterland,Hollands Kroon,100
2019,Drechterland,Hoorn,1800
2019,Drechterland,Koggenland,100
2019,Drechterland,Medemblik,1300
2019,Drechterland,Opmeer,100
2019,Drechterland,Purmerend,200
2019,Drechterland,Stede Broec,600
2019,Drechterland,Zaanstad,200
2019,Enkhuizen,Alkmaar,200
2019,Enkhuizen,Almere,100
2019,Enkhuizen,Amsterdam,600
2019,Enkhuizen,Den Helder,100
2019,Enkhuizen,Dijk en Waard,100
2019,Enkhuizen,Drechterland,200
2019,Enkhuizen,Ede,100
2019,Enkhuizen,Enkhuizen,2700
2019,Enkhuizen,Haarlem,100
2019,Enkhuizen,Haarlemmermeer,100
2019,Enkhuizen,Hollands Kroon,200
2019,Enkhuizen,Hoorn,1000
2019,Enkhuizen,Koggenland,100
2019,Enkhuizen,Lelystad,100
2019,Enkhuizen,Medemblik,900
2019,Enkhuizen,Opmeer,100
2019,Enkhuizen,Purmerend,100
2019,Enkhuizen,Stede Broec,800
2019,Enkhuizen,Zaanstad,100
2019,Heiloo,'s-Gravenhage,100
2019,Heiloo,Alkmaar,2500
2019,Heiloo,Amstelveen,100
2019,Heiloo,Amsterdam,1400
2019,Heiloo,Bergen (NH.),500
2019,Heiloo,Beverwijk,200
2019,Heiloo,Bloemendaal,100
2019,Heiloo,Castricum,600
2019,Heiloo,Den Helder,100
2019,Heiloo,Dijk en Waard,400
2019,Heiloo,Haarlem,500
2019,Heiloo,Haarlemmermeer,600
2019,Heiloo,Heemskerk,100
2019,Heiloo,Heiloo,1600
2019,Heiloo,Hoorn,100
2019,Heiloo,Purmerend,100
2019,Heiloo,Schagen,100
2019,Heiloo,Utrecht (gem),100
2019,Heiloo,Velsen,300
2019,Heiloo,Zaanstad,400
2019,Hollands Kroon,Alkmaar,1400
2019,Hollands Kroon,Amsterdam,1100
2019,Hollands Kroon,Bergen (NH.),200
2019,Hollands Kroon,Beverwijk,200
2019,Hollands Kroon,Castricum,100
2019,Hollands Kroon,Den Helder,2600
2019,Hollands Kroon,Dijk en Waard,1400
2019,Hollands Kroon,Drechterland,100
2019,Hollands Kroon,Edam-Volendam,100
2019,Hollands Kroon,Enkhuizen,100
2019,Hollands Kroon,Haarlem,200
2019,Hollands Kroon,Haarlemmermeer,300
2019,Hollands Kroon,Heiloo,100
2019,Hollands Kroon,Hollands Kroon,7800
2019,Hollands Kroon,Hoorn,700
2019,Hollands Kroon,Koggenland,300
2019,Hollands Kroon,Medemblik,800
2019,Hollands Kroon,Opmeer,300
2019,Hollands Kroon,Purmerend,200
2019,Hollands Kroon,Rotterdam,100
2019,Hollands Kroon,Schagen,2200
2019,Hollands Kroon,Stede Broec,100
2019,Hollands Kroon,Texel,100
2019,Hollands Kroon,Utrecht (gem),100
2019,Hollands Kroon,Velsen,300
2019,Hollands Kroon,Westland,600
2019,Hollands Kroon,Zaanstad,400
2019,Hoorn,'s-Gravenhage,100
2019,Hoorn,Aalsmeer,100
2019,Hoorn,Alkmaar,2300
2019,Hoorn,Almere,100
2019,Hoorn,Amersfoort,100
2019,Hoorn,Amstelveen,200
2019,Hoorn,Amsterdam,5300
2019,Hoorn,Arnhem,100
2019,Hoorn,Bergen (NH.),100
2019,Hoorn,Beverwijk,100
2019,Hoorn,Breda,100
2019,Hoorn,Castricum,100
2019,Hoorn,Den Helder,600
2019,Hoorn,Diemen,100
2019,Hoorn,Dijk en Waard,900
2019,Hoorn,Drechterland,500
2019,Hoorn,Edam-Volendam,500
2019,Hoorn,Enkhuizen,400
2019,Hoorn,Haarlem,300
2019,Hoorn,Haarlemmermeer,1200
2019,Hoorn,Heemskerk,100
2019,Hoorn,Heiloo,100
2019,Hoorn,Hilversum,100
2019,Hoorn,Hollands Kroon,400
2019,Hoorn,Hoorn,13100
2019,Hoorn,Huizen,100
2019,Hoorn,Koggenland,700
2019,Hoorn,Lelystad,100
2019,Hoorn,Medemblik,2000
2019,Hoorn,Nieuwegein,200
2019,Hoorn,Oostzaan,100
2019,Hoorn,Opmeer,400
2019,Hoorn,Ouder-Amstel,100
2019,Hoorn,Purmerend,1200
2019,Hoorn,Rotterdam,100
2019,Hoorn,Schagen,200
2019,Hoorn,Stede Broec,300
2019,Hoorn,Tiel,100
2019,Hoorn,Utrecht (gem),200
2019,Hoorn,Velsen,200
2019,Hoorn,Waterland,100
2019,Hoorn,Zaanstad,800
2019,Koggenland,Alkmaar,1200
2019,Koggenland,Amsterdam,1000
2019,Koggenland,Bergen (NH.),100
2019,Koggenland,Castricum,100
2019,Koggenland,Den Helder,100
2019,Koggenland,Dijk en Waard,1100
2019,Koggenland,Drechterland,100
2019,Koggenland,Edam-Volendam,200
2019,Koggenland,Enkhuizen,100
2019,Koggenland,Haarlem,100
2019,Koggenland,Haarlemmermeer,200
2019,Koggenland,Hollands Kroon,100
2019,Koggenland,Hoorn,1500
2019,Koggenland,Koggenland,3100
2019,Koggenland,Medemblik,300
2019,Koggenland,Opmeer,400
2019,Koggenland,Purmerend,400
2019,Koggenland,Schagen,200
2019,Koggenland,Stede Broec,100
2019,Koggenland,Utrecht (gem),100
2019,Koggenland,Velsen,200
2019,Koggenland,Zaanstad,300
2019,Medemblik,Alkmaar,1000
2019,Medemblik,Almere,100
2019,Medemblik,Amersfoort,100
2019,Medemblik,Amstelveen,100
2019,Medemblik,Amsterdam,1700
2019,Medemblik,Arnhem,100
2019,Medemblik,Beverwijk,100
2019,Medemblik,Den Helder,300
2019,Medemblik,Diemen,200
2019,Medemblik,Dijk en Waard,500
2019,Medemblik,Drechterland,400
2019,Medemblik,Edam-Volendam,200
2019,Medemblik,Enkhuizen,800
2019,Medemblik,Haarlem,200
2019,Medemblik,Haarlemmermeer,300
2019,Medemblik,Hollands Kroon,600
2019,Medemblik,Hoorn,3300
2019,Medemblik,Koggenland,300
2019,Medemblik,Medemblik,7300
2019,Medemblik,Opmeer,500
2019,Medemblik,Purmerend,600
2019,Medemblik,Schagen,200
2019,Medemblik,Stede Broec,500
2019,Medemblik,Utrecht (gem),100
2019,Medemblik,Velsen,100
2019,Medemblik,Westland,100
2019,Medemblik,Woerden,100
2019,Medemblik,Zaanstad,400
2019,Opmeer,Alkmaar,400
2019,Opmeer,Amsterdam,400
2019,Opmeer,Den Helder,100
2019,Opmeer,Dijk en Waard,500
2019,Opmeer,Haarlem,100
2019,Opmeer,Haarlemmermeer,100
2019,Opmeer,Hollands Kroon,200
2019,Opmeer,Hoorn,500
2019,Opmeer,Koggenland,400
2019,Opmeer,Medemblik,600
2019,Opmeer,Opmeer,1500
2019,Opmeer,Purmerend,100
2019,Opmeer,Schagen,100
2019,Opmeer,Velsen,100
2019,Opmeer,Westland,200
2019,Opmeer,Zaanstad,100
2019,Schagen,'s-Gravenhage,100
2019,Schagen,Alkmaar,2500
2019,Schagen,Amstelveen,100
2019,Schagen,Amsterdam,1400
2019,Schagen,Bergen (NH.),600
2019,Schagen,Beverwijk,100
2019,Schagen,Castricum,100
2019,Schagen,Den Helder,1200
2019,Schagen,Dijk en Waard,1900
2019,Schagen,Haarlem,200
2019,Schagen,Haarlemmermeer,400
2019,Schagen,Heemskerk,100
2019,Schagen,Heiloo,200
2019,Schagen,Hollands Kroon,900
2019,Schagen,Hoorn,400
2019,Schagen,Koggenland,100
2019,Schagen,Medemblik,200
2019,Schagen,Opmeer,100
2019,Schagen,Purmerend,100
2019,Schagen,Rotterdam,100
2019,Schagen,Schagen,8500
2019,Schagen,Texel,100
2019,Schagen,Utrecht (gem),200
2019,Schagen,Velsen,400
2019,Schagen,Zaanstad,500
2019,Stede Broec,Alkmaar,300
2019,Stede Broec,Amsterdam,800
2019,Stede Broec,Arnhem,100
2019,Stede Broec,Den Helder,200
2019,Stede Broec,Dijk en Waard,200
2019,Stede Broec,Drechterland,700
2019,Stede Broec,Edam-Volendam,100
2019,Stede Broec,Enkhuizen,1300
2019,Stede Broec,Haarlem,100
2019,Stede Broec,Haarlemmermeer,200
2019,Stede Broec,Hollands Kroon,100
2019,Stede Broec,Hoorn,1500
2019,Stede Broec,Koggenland,100
2019,Stede Broec,Lelystad,100
2019,Stede Broec,Medemblik,1300
2019,Stede Broec,Opmeer,100
2019,Stede Broec,Purmerend,200
2019,Stede Broec,Stede Broec,2200
2019,Stede Broec,Zaanstad,200
2019,Texel,Alkmaar,100
2019,Texel,Amsterdam,200
2019,Texel,Den Helder,200
2019,Texel,Schagen,100
2019,Texel,Texel,4800
2019,Uitgeest,Alkmaar,500
2019,Uitgeest,Amsterdam,1200
2019,Uitgeest,Beverwijk,600
2019,Uitgeest,Bloemendaal,100
2019,Uitgeest,Castricum,500
2019,Uitgeest,Den Helder,100
2019,Uitgeest,Dijk en Waard,100
2019,Uitgeest,Haarlem,500
2019,Uitgeest,Haarlemmermeer,300
2019,Uitgeest,Heemskerk,500
2019,Uitgeest,Heiloo,100
2019,Uitgeest,Uitgeest,1000
2019,Uitgeest,Utrecht (gem),100
2019,Uitgeest,Velsen,600
2019,Uitgeest,Wormerland,100
2019,Uitgeest,Zaanstad,600
2020,Alkmaar,'s-Gravenhage,200
2020,Alkmaar,Aalsmeer,100
2020,Alkmaar,Alkmaar,19800
2020,Alkmaar,Almere,100
2020,Alkmaar,Amersfoort,100
2020,Alkmaar,Amstelveen,400
2020,Alkmaar,Amsterdam,7199
2020,Alkmaar,Bergen (NH.),1300
2020,Alkmaar,Beverwijk,900
2020,Alkmaar,Bloemendaal,200
2020,Alkmaar,Castricum,600
2020,Alkmaar,Den Helder,900
2020,Alkmaar,Diemen,100
2020,Alkmaar,Dijk en Waard,3500
2020,Alkmaar,Drechterland,100
2020,Alkmaar,Edam-Volendam,200
2020,Alkmaar,Enkhuizen,100
2020,Alkmaar,Haarlem,1900
2020,Alkmaar,Haarlemmermeer,2600
2020,Alkmaar,Heemskerk,300
2020,Alkmaar,Heemstede,100
2020,Alkmaar,Heiloo,1000
2020,Alkmaar,Hilversum,200
2020,Alkmaar,Hollands Kroon,200
2020,Alkmaar,Hoorn,600
2020,Alkmaar,Koggenland,300
2020,Alkmaar,Leiden,100
2020,Alkmaar,Medemblik,300
2020,Alkmaar,Nieuwegein,100
2020,Alkmaar,Oostzaan,100
2020,Alkmaar,Opmeer,100
2020,Alkmaar,Ouder-Amstel,100
2020,Alkmaar,Purmerend,1400
2020,Alkmaar,Rijssen-Holten,100
2020,Alkmaar,Rotterdam,200
2020,Alkmaar,Schagen,1100
2020,Alkmaar,Tilburg,100
2020,Alkmaar,Uitgeest,200
2020,Alkmaar,Uithoorn,100
2020,Alkmaar,Utrecht (gem),400
2020,Alkmaar,Velsen,1600
2020,Alkmaar,Wormerland,100
2020,Alkmaar,Zaanstad,1700
2020,Bergen (NH.),'s-Gravenhage,100
2020,Bergen (NH.),Alkmaar,2100
2020,Bergen (NH.),Amstelveen,100
2020,Bergen (NH.),Amsterdam,1200
2020,Bergen (NH.),Bergen (NH.),3000
2020,Bergen (NH.),Beverwijk,200
2020,Bergen (NH.),Castricum,300
2020,Bergen (NH.),Den Helder,200
2020,Bergen (NH.),Dijk en Waard,500
2020,Bergen (NH.),Haarlem,400
2020,Bergen (NH.),Haarlemmermeer,500
2020,Bergen (NH.),Heemskerk,100
2020,Bergen (NH.),Heiloo,300
2020,Bergen (NH.),Hilversum,100
2020,Bergen (NH.),Hollands Kroon,100
2020,Bergen (NH.),Hoorn,100
2020,Bergen (NH.),Medemblik,100
2020,Bergen (NH.),Purmerend,100
2020,Bergen (NH.),Schagen,300
2020,Bergen (NH.),Uitgeest,100
2020,Bergen (NH.),Utrecht (gem),100
2020,Bergen (NH.),Velsen,400
2020,Bergen (NH.),Zaanstad,300
2020,Castricum,'s-Gravenhage,100
2020,Castricum,Alkmaar,1700
2020,Castricum,Almere,100
2020,Castricum,Amstelveen,100
2020,Castricum,Amsterdam,2800
2020,Castricum,Bergen (NH.),200
2020,Castricum,Beverwijk,600
2020,Castricum,Bloemendaal,100
2020,Castricum,Castricum,3900
2020,Castricum,Den Helder,200
2020,Castricum,Dijk en Waard,200
2020,Castricum,Haarlem,700
2020,Castricum,Haarlemmermeer,900
2020,Castricum,Heemskerk,500
2020,Castricum,Heiloo,600
2020,Castricum,Hilversum,100
2020,Castricum,Hoorn,100
2020,Castricum,Leiden,100
2020,Castricum,Purmerend,100
2020,Castricum,Rotterdam,100
2020,Castricum,Schagen,100
2020,Castricum,Tilburg,100
2020,Castricum,Uitgeest,400
2020,Castricum,Utrecht (gem),100
2020,Castricum,Velsen,900
2020,Castricum,Zaanstad,700
2020,Den Helder,'s-Gravenhage,100
2020,Den Helder,Alkmaar,1000
2020,Den Helder,Amsterdam,1100
2020,Den Helder,Bergen (NH.),100
2020,Den Helder,Beverwijk,100
2020,Den Helder,Den Helder,15400
2020,Den Helder,Dijk en Waard,800
2020,Den Helder,Enkhuizen,200
2020,Den Helder,Haarlem,100
2020,Den Helder,Haarlemmermeer,300
2020,Den Helder,Hilversum,100
2020,Den Helder,Hollands Kroon,1200
2020,Den Helder,Hoorn,300
2020,Den Helder,Medemblik,100
2020,Den Helder,Opmeer,100
2020,Den Helder,Purmerend,100
2020,Den Helder,Rotterdam,100
2020,Den Helder,Schagen,1600
2020,Den Helder,Stede Broec,100
2020,Den Helder,Texel,500
2020,Den Helder,Utrecht (gem),100
2020,Den Helder,Velsen,300
2020,Den Helder,Zaanstad,500
2020,Den Helder,Zandvoort,100
2020,Drechterland,Alkmaar,400
2020,Drechterland,Amsterdam,700
2020,Drechterland,Den Helder,100
2020,Drechterland,Dijk en Waard,200
2020,Drechterland,Drechterland,1600
2020,Drechterland,Edam-Volendam,100
2020,Drechterland,Enkhuizen,600
2020,Drechterland,Haarlemmermeer,200
2020,Drechterland,Hollands Kroon,100
2020,Drechterland,Hoorn,1900
2020,Drechterland,Koggenland,100
2020,Drechterland,Medemblik,1300
2020,Drechterland,Opmeer,100
2020,Drechterland,Purmerend,300
2020,Drechterland,Stede Broec,700
2020,Drechterland,Zaanstad,300
2020,Enkhuizen,Alkmaar,300
2020,Enkhuizen,Amsterdam,600
2020,Enkhuizen,Arnhem,100
2020,Enkhuizen,Dijk en Waard,100
2020,Enkhuizen,Drechterland,300
2020,Enkhuizen,Enkhuizen,2400
2020,Enkhuizen,Haarlem,100
2020,Enkhuizen,Haarlemmermeer,100
2020,Enkhuizen,Hollands Kroon,100
2020,Enkhuizen,Hoorn,900
2020,Enkhuizen,Koggenland,100
2020,Enkhuizen,Lelystad,100
2020,Enkhuizen,Medemblik,1100
2020,Enkhuizen,Opmeer,100
2020,Enkhuizen,Purmerend,100
2020,Enkhuizen,Stede Broec,900
2020,Enkhuizen,Zaanstad,200
2020,Heiloo,'s-Gravenhage,100
2020,Heiloo,Alkmaar,2200
2020,Heiloo,Amstelveen,100
2020,Heiloo,Amsterdam,1500
2020,Heiloo,Bergen (NH.),400
2020,Heiloo,Beverwijk,200
2020,Heiloo,Castricum,600
2020,Heiloo,Den Helder,100
2020,Heiloo,Dijk en Waard,400
2020,Heiloo,Haarlem,400
2020,Heiloo,Haarlemmermeer,600
2020,Heiloo,Heemskerk,100
2020,Heiloo,Heemstede,300
2020,Heiloo,Heiloo,1500
2020,Heiloo,Hoorn,100
2020,Heiloo,Purmerend,100
2020,Heiloo,Schagen,100
2020,Heiloo,Utrecht (gem),100
2020,Heiloo,Velsen,300
2020,Heiloo,Zaanstad,300
2020,Hollands Kroon,Alkmaar,1400
2020,Hollands Kroon,Amsterdam,800
2020,Hollands Kroon,Bergen (NH.),200
2020,Hollands Kroon,Beverwijk,200
2020,Hollands Kroon,Castricum,100
2020,Hollands Kroon,Den Helder,2500
2020,Hollands Kroon,Dijk en Waard,1700
2020,Hollands Kroon,Drechterland,100
2020,Hollands Kroon,Edam-Volendam,100
2020,Hollands Kroon,Enkhuizen,100
2020,Hollands Kroon,Haarlem,200
2020,Hollands Kroon,Haarlemmermeer,300
2020,Hollands Kroon,Heemskerk,100
2020,Hollands Kroon,Heiloo,100
2020,Hollands Kroon,Hollands Kroon,7300
2020,Hollands Kroon,Hoorn,800
2020,Hollands Kroon,Koggenland,200
2020,Hollands Kroon,Medemblik,900
2020,Hollands Kroon,Opmeer,300
2020,Hollands Kroon,Purmerend,200
2020,Hollands Kroon,Rotterdam,100
2020,Hollands Kroon,Schagen,2400
2020,Hollands Kroon,Stede Broec,100
2020,Hollands Kroon,Texel,200
2020,Hollands Kroon,Utrecht (gem),100
2020,Hollands Kroon,Velsen,300
2020,Hollands Kroon,Westland,700
2020,Hollands Kroon,Zaanstad,400
2020,Hoorn,'s-Gravenhage,100
2020,Hoorn,Aalsmeer,100
2020,Hoorn,Alkmaar,2400
2020,Hoorn,Almere,100
2020,Hoorn,Amersfoort,100
2020,Hoorn,Amstelveen,200
2020,Hoorn,Amsterdam,4700
2020,Hoorn,Apeldoorn,100
2020,Hoorn,Bergen (NH.),100
2020,Hoorn,Beverwijk,100
2020,Hoorn,Castricum,100
2020,Hoorn,Den Helder,500
2020,Hoorn,Diemen,100
2020,Hoorn,Dijk en Waard,900
2020,Hoorn,Drechterland,500
2020,Hoorn,Edam-Volendam,400
2020,Hoorn,Enkhuizen,500
2020,Hoorn,Gooise Meren,100
2020,Hoorn,Haarlem,300
2020,Hoorn,Haarlemmermeer,1100
2020,Hoorn,Heiloo,100
2020,Hoorn,Hilversum,100
2020,Hoorn,Hollands Kroon,300
2020,Hoorn,Hoorn,12600
2020,Hoorn,Huizen,100
2020,Hoorn,Koggenland,600
2020,Hoorn,Lelystad,100
2020,Hoorn,Medemblik,2100
2020,Hoorn,Oostzaan,100
2020,Hoorn,Opmeer,600
2020,Hoorn,Ouder-Amstel,100
2020,Hoorn,Purmerend,1300
2020,Hoorn,Rotterdam,100
2020,Hoorn,Schagen,300
2020,Hoorn,Stede Broec,400
2020,Hoorn,Utrecht (gem),200
2020,Hoorn,Velsen,200
2020,Hoorn,Waterland,100
2020,Hoorn,Wormerland,100
2020,Hoorn,Zaanstad,1000
2020,Koggenland,Alkmaar,1300
2020,Koggenland,Amsterdam,900
2020,Koggenland,Den Helder,200
2020,Koggenland,Dijk en Waard,1200
2020,Koggenland,Drechterland,100
2020,Koggenland,Edam-Volendam,200
2020,Koggenland,Enkhuizen,100
2020,Koggenland,Haarlem,100
2020,Koggenland,Haarlemmermeer,300
2020,Koggenland,Heiloo,100
2020,Koggenland,Hollands Kroon,100
2020,Koggenland,Hoorn,1300
2020,Koggenland,Koggenland,2900
2020,Koggenland,Medemblik,300
2020,Koggenland,Opmeer,300
2020,Koggenland,Purmerend,700
2020,Koggenland,Schagen,200
2020,Koggenland,Stede Broec,100
2020,Koggenland,Utrecht (gem),100
2020,Koggenland,Velsen,200
2020,Koggenland,Zaanstad,300
2020,Medemblik,Alkmaar,1000
2020,Medemblik,Amersfoort,100
2020,Medemblik,Amstelveen,100
2020,Medemblik,Amsterdam,1500
2020,Medemblik,Apeldoorn,100
2020,Medemblik,Castricum,100
2020,Medemblik,Den Helder,300
2020,Medemblik,Dijk en Waard,600
2020,Medemblik,Drechterland,400
2020,Medemblik,Edam-Volendam,200
2020,Medemblik,Enkhuizen,1000
2020,Medemblik,Haarlem,100
2020,Medemblik,Haarlemmermeer,300
2020,Medemblik,Hollands Kroon,800
2020,Medemblik,Hoorn,3400
2020,Medemblik,Koggenland,300
2020,Medemblik,Medemblik,6900
2020,Medemblik,Opmeer,700
2020,Medemblik,Purmerend,500
2020,Medemblik,Schagen,200
2020,Medemblik,Stede Broec,500
2020,Medemblik,Texel,100
2020,Medemblik,Utrecht (gem),100
2020,Medemblik,Velsen,100
2020,Medemblik,Westland,100
2020,Medemblik,Zaanstad,500
2020,Opmeer,Alkmaar,500
2020,Opmeer,Amsterdam,400
2020,Opmeer,Den Helder,100
2020,Opmeer,Dijk en Waard,600
2020,Opmeer,Haarlemmermeer,100
2020,Opmeer,Hollands Kroon,200
2020,Opmeer,Hoorn,500
2020,Opmeer,Koggenland,400
2020,Opmeer,Medemblik,500
2020,Opmeer,Opmeer,1500
2020,Opmeer,Purmerend,100
2020,Opmeer,Schagen,200
2020,Opmeer,Velsen,100
2020,Opmeer,Westland,100
2020,Opmeer,Zaanstad,100
2020,Schagen,'s-Gravenhage,100
2020,Schagen,Alkmaar,2800
2020,Schagen,Amstelveen,100
2020,Schagen,Amsterdam,1000
2020,Schagen,Bergen (NH.),700
2020,Schagen,Beverwijk,300
2020,Schagen,Castricum,100
2020,Schagen,Den Helder,1300
2020,Schagen,Dijk en Waard,2100
2020,Schagen,Haarlem,200
2020,Schagen,Haarlemmermeer,400
2020,Schagen,Heemskerk,100
2020,Schagen,Heiloo,100
2020,Schagen,Hilversum,100
2020,Schagen,Hollands Kroon,1000
2020,Schagen,Hoorn,400
2020,Schagen,Koggenland,100
2020,Schagen,Medemblik,100
2020,Schagen,Opmeer,100
2020,Schagen,Purmerend,200
2020,Schagen,Rotterdam,100
2020,Schagen,Schagen,7900
2020,Schagen,Utrecht (gem),100
2020,Schagen,Velsen,500
2020,Schagen,Zaanstad,400
2020,Stede Broec,Alkmaar,400
2020,Stede Broec,Amsterdam,800
2020,Stede Broec,Apeldoorn,100
2020,Stede Broec,Arnhem,100
2020,Stede Broec,Den Helder,100
2020,Stede Broec,Dijk en Waard,200
2020,Stede Broec,Drechterland,700
2020,Stede Broec,Edam-Volendam,100
2020,Stede Broec,Enkhuizen,1200
2020,Stede Broec,Haarlem,100
2020,Stede Broec,Haarlemmermeer,200
2020,Stede Broec,Hollands Kroon,100
2020,Stede Broec,Hoorn,1500
2020,Stede Broec,Koggenland,100
2020,Stede Broec,Lelystad,100
2020,Stede Broec,Medemblik,1500
2020,Stede Broec,Opmeer,100
2020,Stede Broec,Purmerend,200
2020,Stede Broec,Stede Broec,1900
2020,Stede Broec,Zaanstad,200
2020,Texel,Alkmaar,100
2020,Texel,Amsterdam,100
2020,Texel,Den Helder,200
2020,Texel,Schagen,100
2020,Texel,Texel,4700
2020,Texel,Zaanstad,100
2020,Uitgeest,Alkmaar,400
2020,Uitgeest,Amsterdam,1300
2020,Uitgeest,Beverwijk,600
2020,Uitgeest,Castricum,400
2020,Uitgeest,Den Helder,100
2020,Uitgeest,Dijk en Waard,100
2020,Uitgeest,Haarlem,300
2020,Uitgeest,Haarlemmermeer,400
2020,Uitgeest,Heemskerk,600
2020,Uitgeest,Heiloo,100
2020,Uitgeest,Hoorn,100
2020,Uitgeest,Purmerend,100
2020,Uitgeest,Uitgeest,1000
2020,Uitgeest,Utrecht (gem),100
2020,Uitgeest,Velsen,600
2020,Uitgeest,Wormerland,100
2020,Uitgeest,Zaanstad,500
2021,Alkmaar,'s-Gravenhage,300
2021,Alkmaar,'s-Hertogenbosch,100
2021,Alkmaar,Aalsmeer,100
2021,Alkmaar,Alkmaar,21100
2021,Alkmaar,Almere,100
2021,Alkmaar,Amersfoort,100
2021,Alkmaar,Amstelveen,300
2021,Alkmaar,Amsterdam,6300
2021,Alkmaar,Bergen (NH.),1700
2021,Alkmaar,Beverwijk,600
2021,Alkmaar,Breda,100
2021,Alkmaar,Castricum,700
2021,Alkmaar,Delft,100
2021,Alkmaar,Den Helder,800
2021,Alkmaar,Diemen,100
2021,Alkmaar,Dijk en Waard,5100
2021,Alkmaar,Edam-Volendam,200
2021,Alkmaar,Eindhoven,100
2021,Alkmaar,Enkhuizen,100
2021,Alkmaar,Haarlem,800
2021,Alkmaar,Haarlemmermeer,1700
2021,Alkmaar,Heemskerk,400
2021,Alkmaar,Heiloo,1200
2021,Alkmaar,Hilversum,100
2021,Alkmaar,Hollands Kroon,200
2021,Alkmaar,Hoorn,800
2021,Alkmaar,Koggenland,400
2021,Alkmaar,Leiden,100
2021,Alkmaar,Medemblik,300
2021,Alkmaar,Opmeer,200
2021,Alkmaar,Ouder-Amstel,100
2021,Alkmaar,Purmerend,1000
2021,Alkmaar,Rotterdam,200
2021,Alkmaar,Schagen,1400
2021,Alkmaar,Tilburg,100
2021,Alkmaar,Uitgeest,200
2021,Alkmaar,Utrecht (gem),400
2021,Alkmaar,Velsen,1500
2021,Alkmaar,Wormerland,100
2021,Alkmaar,Zaanstad,2000
2021,Alkmaar,Zoetermeer,100
2021,Bergen (NH.),'s-Gravenhage,100
2021,Bergen (NH.),Alkmaar,2500
2021,Bergen (NH.),Amstelveen,100
2021,Bergen (NH.),Amsterdam,1200
2021,Bergen (NH.),Bergen (NH.),3300
2021,Bergen (NH.),Beverwijk,100
2021,Bergen (NH.),Castricum,400
2021,Bergen (NH.),Den Helder,200
2021,Bergen (NH.),Dijk en Waard,500
2021,Bergen (NH.),Haarlem,200
2021,Bergen (NH.),Haarlemmermeer,400
2021,Bergen (NH.),Heemskerk,100
2021,Bergen (NH.),Heiloo,300
2021,Bergen (NH.),Hoorn,100
2021,Bergen (NH.),Purmerend,100
2021,Bergen (NH.),Rotterdam,100
2021,Bergen (NH.),Schagen,300
2021,Bergen (NH.),Uitgeest,100
2021,Bergen (NH.),Utrecht (gem),100
2021,Bergen (NH.),Velsen,400
2021,Bergen (NH.),Zaanstad,300
2021,Castricum,'s-Gravenhage,100
2021,Castricum,Alkmaar,1800
2021,Castricum,Almere,100
2021,Castricum,Amstelveen,100
2021,Castricum,Amsterdam,2700
2021,Castricum,Bergen (NH.),300
2021,Castricum,Beverwijk,800
2021,Castricum,Castricum,3800
2021,Castricum,Den Helder,100
2021,Castricum,Dijk en Waard,300
2021,Castricum,Haarlem,600
2021,Castricum,Haarlemmermeer,700
2021,Castricum,Heemskerk,800
2021,Castricum,Heiloo,800
2021,Castricum,Hoorn,100
2021,Castricum,Purmerend,100
2021,Castricum,Rotterdam,100
2021,Castricum,Schagen,100
2021,Castricum,Tilburg,100
2021,Castricum,Uitgeest,400
2021,Castricum,Uithoorn,100
2021,Castricum,Utrecht (gem),200
2021,Castricum,Velsen,800
2021,Castricum,Zaanstad,900
2021,Den Helder,'s-Gravenhage,100
2021,Den Helder,Alkmaar,1300
2021,Den Helder,Almere,100
2021,Den Helder,Amsterdam,900
2021,Den Helder,Bergen (NH.),200
2021,Den Helder,Beverwijk,100
2021,Den Helder,Castricum,100
2021,Den Helder,Den Helder,15800
2021,Den Helder,Dijk en Waard,700
2021,Den Helder,Haarlem,100
2021,Den Helder,Haarlemmermeer,300
2021,Den Helder,Hollands Kroon,1000
2021,Den Helder,Hoorn,200
2021,Den Helder,Koggenland,100
2021,Den Helder,Leiden,100
2021,Den Helder,Medemblik,100
2021,Den Helder,Opmeer,100
2021,Den Helder,Rotterdam,100
2021,Den Helder,Schagen,1900
2021,Den Helder,Texel,900
2021,Den Helder,Utrecht (gem),100
2021,Den Helder,Velsen,400
2021,Den Helder,Zaanstad,100
2021,Drechterland,Alkmaar,200
2021,Drechterland,Amsterdam,800
2021,Drechterland,Den Helder,100
2021,Drechterland,Dijk en Waard,200
2021,Drechterland,Drechterland,2000
2021,Drechterland,Edam-Volendam,100
2021,Drechterland,Enkhuizen,500
2021,Drechterland,Haarlemmermeer,100
2021,Drechterland,Hollands Kroon,100
2021,Drechterland,Hoorn,2200
2021,Drechterland,Koggenland,100
2021,Drechterland,Lelystad,100
2021,Drechterland,Medemblik,1200
2021,Drechterland,Opmeer,100
2021,Drechterland,Purmerend,200
2021,Drechterland,Stede Broec,600
2021,Drechterland,Zaanstad,200
2021,Enkhuizen,Alkmaar,100
2021,Enkhuizen,Amsterdam,600
2021,Enkhuizen,Den Helder,100
2021,Enkhuizen,Dijk en Waard,100
2021,Enkhuizen,Drechterland,400
2021,Enkhuizen,Enkhuizen,2800
2021,Enkhuizen,Haarlemmermeer,100
2021,Enkhuizen,Hollands Kroon,100
2021,Enkhuizen,Hoorn,1000
2021,Enkhuizen,Koggenland,100
2021,Enkhuizen,Lelystad,200
2021,Enkhuizen,Medemblik,1000
2021,Enkhuizen,Opmeer,100
2021,Enkhuizen,Purmerend,100
2021,Enkhuizen,Stede Broec,900
2021,Enkhuizen,Zaanstad,100
2021,Heiloo,'s-Gravenhage,100
2021,Heiloo,Alkmaar,2600
2021,Heiloo,Amstelveen,100
2021,Heiloo,Amsterdam,1400
2021,Heiloo,Bergen (NH.),400
2021,Heiloo,Beverwijk,200
2021,Heiloo,Castricum,600
2021,Heiloo,Den Helder,100
2021,Heiloo,Dijk en Waard,500
2021,Heiloo,Haarlem,400
2021,Heiloo,Haarlemmermeer,500
2021,Heiloo,Heemskerk,100
2021,Heiloo,Heiloo,1900
2021,Heiloo,Hoorn,100
2021,Heiloo,Purmerend,100
2021,Heiloo,Schagen,100
2021,Heiloo,Uitgeest,100
2021,Heiloo,Utrecht (gem),100
2021,Heiloo,Velsen,300
2021,Heiloo,Zaanstad,300
2021,Hollands Kroon,'s-Hertogenbosch,100
2021,Hollands Kroon,Alkmaar,1300
2021,Hollands Kroon,Amsterdam,900
2021,Hollands Kroon,Bergen (NH.),100
2021,Hollands Kroon,Beverwijk,100
2021,Hollands Kroon,Castricum,100
2021,Hollands Kroon,Den Helder,2900
2021,Hollands Kroon,Dijk en Waard,1700
2021,Hollands Kroon,Drechterland,100
2021,Hollands Kroon,Edam-Volendam,100
2021,Hollands Kroon,Enkhuizen,100
2021,Hollands Kroon,Haarlem,100
2021,Hollands Kroon,Haarlemmermeer,300
2021,Hollands Kroon,Heemskerk,100
2021,Hollands Kroon,Hollands Kroon,7800
2021,Hollands Kroon,Hoorn,800
2021,Hollands Kroon,Koggenland,200
2021,Hollands Kroon,Medemblik,1000
2021,Hollands Kroon,Opmeer,400
2021,Hollands Kroon,Purmerend,200
2021,Hollands Kroon,Rotterdam,100
2021,Hollands Kroon,Schagen,2600
2021,Hollands Kroon,Texel,100
2021,Hollands Kroon,Utrecht (gem),100
2021,Hollands Kroon,Velsen,300
2021,Hollands Kroon,Westerkwartier,100
2021,Hollands Kroon,Westland,400
2021,Hollands Kroon,Zaanstad,300
2021,Hoorn,'s-Gravenhage,200
2021,Hoorn,Alkmaar,1400
2021,Hoorn,Almere,100
2021,Hoorn,Amersfoort,100
2021,Hoorn,Amstelveen,300
2021,Hoorn,Amsterdam,5800
2021,Hoorn,Beverwijk,100
2021,Hoorn,Breda,100
2021,Hoorn,Den Helder,400
2021,Hoorn,Diemen,100
2021,Hoorn,Dijk en Waard,900
2021,Hoorn,Drechterland,600
2021,Hoorn,Edam-Volendam,400
2021,Hoorn,Enkhuizen,500
2021,Hoorn,Haarlem,300
2021,Hoorn,Haarlemmermeer,800
2021,Hoorn,Heiloo,100
2021,Hoorn,Hilversum,100
2021,Hoorn,Hollands Kroon,300
2021,Hoorn,Hoorn,14100
2021,Hoorn,Huizen,100
2021,Hoorn,Koggenland,700
2021,Hoorn,Landsmeer,100
2021,Hoorn,Lelystad,100
2021,Hoorn,Medemblik,2700
2021,Hoorn,Opmeer,400
2021,Hoorn,Ouder-Amstel,100
2021,Hoorn,Purmerend,1400
2021,Hoorn,Rotterdam,100
2021,Hoorn,Schagen,200
2021,Hoorn,Stede Broec,400
2021,Hoorn,Tilburg,100
2021,Hoorn,Utrecht (gem),200
2021,Hoorn,Velsen,100
2021,Hoorn,Waterland,100
2021,Hoorn,Wormerland,100
2021,Hoorn,Zaanstad,700
2021,Hoorn,Zwolle,100
2021,Koggenland,Alkmaar,1300
2021,Koggenland,Amstelveen,100
2021,Koggenland,Amsterdam,1000
2021,Koggenland,Den Helder,100
2021,Koggenland,Dijk en Waard,1300
2021,Koggenland,Drechterland,100
2021,Koggenland,Edam-Volendam,100
2021,Koggenland,Enkhuizen,100
2021,Koggenland,Haarlem,100
2021,Koggenland,Haarlemmermeer,200
2021,Koggenland,Hollands Kroon,100
2021,Koggenland,Hoorn,1400
2021,Koggenland,Koggenland,3000
2021,Koggenland,Medemblik,500
2021,Koggenland,Opmeer,300
2021,Koggenland,Purmerend,600
2021,Koggenland,Schagen,200
2021,Koggenland,Velsen,200
2021,Koggenland,Zaanstad,200
2021,Medemblik,Alkmaar,800
2021,Medemblik,Almere,100
2021,Medemblik,Amersfoort,100
2021,Medemblik,Amsterdam,1600
2021,Medemblik,Den Helder,300
2021,Medemblik,Dijk en Waard,600
2021,Medemblik,Drechterland,500
2021,Medemblik,Edam-Volendam,200
2021,Medemblik,Enkhuizen,700
2021,Medemblik,Haarlem,100
2021,Medemblik,Haarlemmermeer,200
2021,Medemblik,Hollands Kroon,700
2021,Medemblik,Hoorn,3800
2021,Medemblik,Koggenland,300
2021,Medemblik,Lelystad,100
2021,Medemblik,Medemblik,7700
2021,Medemblik,Opmeer,600
2021,Medemblik,Purmerend,400
2021,Medemblik,Rotterdam,100
2021,Medemblik,Schagen,200
2021,Medemblik,Stede Broec,500
2021,Medemblik,Utrecht (gem),100
2021,Medemblik,Velsen,100
2021,Medemblik,Westland,100
2021,Medemblik,Zaanstad,400
2021,Opmeer,Alkmaar,400
2021,Opmeer,Amsterdam,500
2021,Opmeer,Den Helder,100
2021,Opmeer,Dijk en Waard,500
2021,Opmeer,Haarlemmermeer,100
2021,Opmeer,Hollands Kroon,200
2021,Opmeer,Hoorn,700
2021,Opmeer,Koggenland,300
2021,Opmeer,Medemblik,700
2021,Opmeer,Opmeer,1600
2021,Opmeer,Purmerend,100
2021,Opmeer,Schagen,100
2021,Opmeer,Velsen,100
2021,Opmeer,Westland,100
2021,Opmeer,Zaanstad,100
2021,Schagen,'s-Gravenhage,100
2021,Schagen,Alkmaar,2800
2021,Schagen,Amstelveen,100
2021,Schagen,Amsterdam,900
2021,Schagen,Bergen (NH.),900
2021,Schagen,Beverwijk,100
2021,Schagen,Castricum,100
2021,Schagen,Den Helder,1200
2021,Schagen,Dijk en Waard,1900
2021,Schagen,Haarlem,100
2021,Schagen,Haarlemmermeer,300
2021,Schagen,Heemskerk,100
2021,Schagen,Heiloo,100
2021,Schagen,Hollands Kroon,1100
2021,Schagen,Hoorn,400
2021,Schagen,Koggenland,100
2021,Schagen,Medemblik,200
2021,Schagen,Opmeer,200
2021,Schagen,Purmerend,100
2021,Schagen,Rotterdam,100
2021,Schagen,Schagen,8600
2021,Schagen,Utrecht (gem),100
2021,Schagen,Velsen,500
2021,Schagen,Zaanstad,300
2021,Stede Broec,Alkmaar,200
2021,Stede Broec,Amsterdam,900
2021,Stede Broec,Den Helder,100
2021,Stede Broec,Dijk en Waard,100
2021,Stede Broec,Drechterland,700
2021,Stede Broec,Edam-Volendam,100
2021,Stede Broec,Enkhuizen,1700
2021,Stede Broec,Haarlemmermeer,100
2021,Stede Broec,Hollands Kroon,100
2021,Stede Broec,Hoorn,1600
2021,Stede Broec,Koggenland,100
2021,Stede Broec,Lelystad,100
2021,Stede Broec,Medemblik,1200
2021,Stede Broec,Opmeer,100
2021,Stede Broec,Purmerend,100
2021,Stede Broec,Stede Broec,2300
2021,Stede Broec,Utrecht (gem),100
2021,Stede Broec,Zaanstad,200
2021,Texel,Amsterdam,100
2021,Texel,Den Helder,400
2021,Texel,Texel,4900
2021,Uitgeest,'s-Gravenhage,100
2021,Uitgeest,Alkmaar,400
2021,Uitgeest,Amsterdam,1200
2021,Uitgeest,Beverwijk,600
2021,Uitgeest,Castricum,400
2021,Uitgeest,Dijk en Waard,100
2021,Uitgeest,Haarlem,300
2021,Uitgeest,Haarlemmermeer,300
2021,Uitgeest,Heemskerk,800
2021,Uitgeest,Heiloo,100
2021,Uitgeest,Uitgeest,900
2021,Uitgeest,Utrecht (gem),100
2021,Uitgeest,Velsen,600
2021,Uitgeest,Zaanstad,600
2022,Alkmaar,'s-Gravenhage,300
2022,Alkmaar,'s-Hertogenbosch,100
2022,Alkmaar,Aalsmeer,100
2022,Alkmaar,Alkmaar,22500
2022,Alkmaar,Almere,100
2022,Alkmaar,Amersfoort,100
2022,Alkmaar,Amstelveen,300
2022,Alkmaar,Amsterdam,6400
2022,Alkmaar,Bergen (NH.),1700
2022,Alkmaar,Beverwijk,600
2022,Alkmaar,Capelle aan den IJssel,100
2022,Alkmaar,Castricum,600
2022,Alkmaar,Delft,100
2022,Alkmaar,Den Helder,800
2022,Alkmaar,Diemen,100
2022,Alkmaar,Dijk en Waard,4900
2022,Alkmaar,Edam-Volendam,200
2022,Alkmaar,Eindhoven,100
2022,Alkmaar,Enkhuizen,100
2022,Alkmaar,Groningen (gem),100
2022,Alkmaar,Haarlem,800
2022,Alkmaar,Haarlemmermeer,1900
2022,Alkmaar,Heemskerk,400
2022,Alkmaar,Heiloo,1100
2022,Alkmaar,Helmond,100
2022,Alkmaar,Hilversum,100
2022,Alkmaar,Hollands Kroon,200
2022,Alkmaar,Hoorn,700
2022,Alkmaar,Koggenland,300
2022,Alkmaar,Leiden,100
2022,Alkmaar,Medemblik,200
2022,Alkmaar,Nieuwegein,100
2022,Alkmaar,Opmeer,200
2022,Alkmaar,Ouder-Amstel,100
2022,Alkmaar,Purmerend,1000
2022,Alkmaar,Rotterdam,200
2022,Alkmaar,Schagen,1400
2022,Alkmaar,Tilburg,100
2022,Alkmaar,Uitgeest,200
2022,Alkmaar,Utrecht (gem),500
2022,Alkmaar,Velsen,1700
2022,Alkmaar,Waterland,100
2022,Alkmaar,Wormerland,100
2022,Alkmaar,Zaanstad,1800
2022,Alkmaar,Zoetermeer,100
2022,Bergen (NH.),'s-Gravenhage,100
2022,Bergen (NH.),Alkmaar,2500
2022,Bergen (NH.),Amstelveen,100
2022,Bergen (NH.),Amsterdam,1200
2022,Bergen (NH.),Bergen (NH.),3700
2022,Bergen (NH.),Beverwijk,100
2022,Bergen (NH.),Castricum,300
2022,Bergen (NH.),Den Helder,200
2022,Bergen (NH.),Dijk en Waard,500
2022,Bergen (NH.),Haarlem,200
2022,Bergen (NH.),Haarlemmermeer,400
2022,Bergen (NH.),Heemskerk,100
2022,Bergen (NH.),Heiloo,300
2022,Bergen (NH.),Hoorn,100
2022,Bergen (NH.),Purmerend,100
2022,Bergen (NH.),Rotterdam,100
2022,Bergen (NH.),Schagen,400
2022,Bergen (NH.),Uitgeest,100
2022,Bergen (NH.),Utrecht (gem),100
2022,Bergen (NH.),Velsen,400
2022,Bergen (NH.),Zaanstad,300
2022,Castricum,'s-Gravenhage,100
2022,Castricum,Alkmaar,1800
2022,Castricum,Amstelveen,100
2022,Castricum,Amsterdam,2800
2022,Castricum,Bergen (NH.),200
2022,Castricum,Beverwijk,800
2022,Castricum,Castricum,3900
2022,Castricum,Den Helder,100
2022,Castricum,Dijk en Waard,300
2022,Castricum,Haarlem,600
2022,Castricum,Haarlemmermeer,700
2022,Castricum,Heemskerk,700
2022,Castricum,Heiloo,800
2022,Castricum,Hoorn,100
2022,Castricum,Purmerend,100
2022,Castricum,Rotterdam,100
2022,Castricum,Schagen,100
2022,Castricum,Tilburg,100
2022,Castricum,Uitgeest,300
2022,Castricum,Uithoorn,100
2022,Castricum,Utrecht (gem),200
2022,Castricum,Velsen,1100
2022,Castricum,Wormerland,100
2022,Castricum,Zaanstad,800
2022,Den Helder,'s-Gravenhage,100
2022,Den Helder,Alkmaar,1200
2022,Den Helder,Amsterdam,1000
2022,Den Helder,Bergen (NH.),200
2022,Den Helder,Beverwijk,100
2022,Den Helder,Capelle aan den IJssel,100
2022,Den Helder,Castricum,100
2022,Den Helder,Den Helder,16100
2022,Den Helder,Dijk en Waard,700
2022,Den Helder,Haarlem,100
2022,Den Helder,Haarlemmermeer,300
2022,Den Helder,Hollands Kroon,900
2022,Den Helder,Hoorn,200
2022,Den Helder,Koggenland,100
2022,Den Helder,Leiden,100
2022,Den Helder,Medemblik,100
2022,Den Helder,Opmeer,100
2022,Den Helder,Rotterdam,100
2022,Den Helder,Schagen,2100
2022,Den Helder,Texel,900
2022,Den Helder,Utrecht (gem),100
2022,Den Helder,Velsen,400
2022,Den Helder,Zaanstad,100
2022,Drechterland,Alkmaar,200
2022,Drechterland,Almere,100
2022,Drechterland,Amsterdam,800
2022,Drechterland,Castricum,100
2022,Drechterland,Den Helder,100
2022,Drechterland,Dijk en Waard,200
2022,Drechterland,Drechterland,1900
2022,Drechterland,Edam-Volendam,100
2022,Drechterland,Enkhuizen,500
2022,Drechterland,Haarlemmermeer,100
2022,Drechterland,Hollands Kroon,100
2022,Drechterland,Hoorn,2200
2022,Drechterland,Koggenland,100
2022,Drechterland,Lelystad,100
2022,Drechterland,Medemblik,1200
2022,Drechterland,Opmeer,100
2022,Drechterland,Purmerend,200
2022,Drechterland,Stede Broec,600
2022,Drechterland,Utrecht (gem),100
2022,Drechterland,Zaanstad,200
2022,Enkhuizen,Alkmaar,200
2022,Enkhuizen,Amsterdam,700
2022,Enkhuizen,Den Helder,100
2022,Enkhuizen,Dijk en Waard,100
2022,Enkhuizen,Drechterland,400
2022,Enkhuizen,Enkhuizen,3100
2022,Enkhuizen,Haarlemmermeer,100
2022,Enkhuizen,Hollands Kroon,100
2022,Enkhuizen,Hoorn,1000
2022,Enkhuizen,Koggenland,100
2022,Enkhuizen,Lelystad,200
2022,Enkhuizen,Medemblik,900
2022,Enkhuizen,Opmeer,100
2022,Enkhuizen,Purmerend,100
2022,Enkhuizen,Stede Broec,800
2022,Enkhuizen,Utrecht (gem),100
2022,Enkhuizen,Zaanstad,100
2022,Heiloo,'s-Gravenhage,100
2022,Heiloo,Alkmaar,2600
2022,Heiloo,Amstelveen,100
2022,Heiloo,Amsterdam,1500
2022,Heiloo,Bergen (NH.),400
2022,Heiloo,Beverwijk,200
2022,Heiloo,Castricum,600
2022,Heiloo,Den Helder,100
2022,Heiloo,Dijk en Waard,500
2022,Heiloo,Haarlem,400
2022,Heiloo,Haarlemmermeer,500
2022,Heiloo,Heemskerk,100
2022,Heiloo,Heiloo,2000
2022,Heiloo,Hoorn,100
2022,Heiloo,Purmerend,100
2022,Heiloo,Schagen,100
2022,Heiloo,Uitgeest,100
2022,Heiloo,Utrecht (gem),100
2022,Heiloo,Velsen,400
2022,Heiloo,Zaanstad,400
2022,Hollands Kroon,'s-Gravenhage,100
2022,Hollands Kroon,Alkmaar,1400
2022,Hollands Kroon,Amsterdam,1000
2022,Hollands Kroon,Bergen (NH.),100
2022,Hollands Kroon,Beverwijk,100
2022,Hollands Kroon,Castricum,100
2022,Hollands Kroon,Den Helder,2900
2022,Hollands Kroon,Dijk en Waard,1600
2022,Hollands Kroon,Drechterland,100
2022,Hollands Kroon,Edam-Volendam,100
2022,Hollands Kroon,Enkhuizen,100
2022,Hollands Kroon,Haarlem,100
2022,Hollands Kroon,Haarlemmermeer,300
2022,Hollands Kroon,Hollands Kroon,7700
2022,Hollands Kroon,Hoorn,900
2022,Hollands Kroon,Koggenland,200
2022,Hollands Kroon,Medemblik,900
2022,Hollands Kroon,Opmeer,400
2022,Hollands Kroon,Purmerend,200
2022,Hollands Kroon,Rotterdam,100
2022,Hollands Kroon,Schagen,2800
2022,Hollands Kroon,Stede Broec,100
2022,Hollands Kroon,Texel,100
2022,Hollands Kroon,Uitgeest,100
2022,Hollands Kroon,Utrecht (gem),100
2022,Hollands Kroon,Velsen,400
2022,Hollands Kroon,Westland,400
2022,Hollands Kroon,Zaanstad,200
2022,Hoorn,'s-Gravenhage,200
2022,Hoorn,Alkmaar,1400
2022,Hoorn,Almere,100
2022,Hoorn,Amersfoort,100
2022,Hoorn,Amstelveen,300
2022,Hoorn,Amsterdam,6000
2022,Hoorn,Beverwijk,100
2022,Hoorn,Den Helder,400
2022,Hoorn,Diemen,100
2022,Hoorn,Dijk en Waard,900
2022,Hoorn,Drechterland,600
2022,Hoorn,Edam-Volendam,400
2022,Hoorn,Enkhuizen,600
2022,Hoorn,Gooise Meren,100
2022,Hoorn,Haarlem,300
2022,Hoorn,Haarlemmermeer,800
2022,Hoorn,Hilversum,100
2022,Hoorn,Hollands Kroon,300
2022,Hoorn,Hoorn,14300
2022,Hoorn,Koggenland,600
2022,Hoorn,Lelystad,100
2022,Hoorn,Medemblik,2500
2022,Hoorn,Nieuwegein,100
2022,Hoorn,Oostzaan,100
2022,Hoorn,Opmeer,400
2022,Hoorn,Ouder-Amstel,100
2022,Hoorn,Purmerend,1400
2022,Hoorn,Rotterdam,100
2022,Hoorn,Schagen,300
2022,Hoorn,Stede Broec,400
2022,Hoorn,Utrecht (gem),300
2022,Hoorn,Velsen,200
2022,Hoorn,Waterland,100
2022,Hoorn,Zaanstad,700
2022,Hoorn,Zoetermeer,100
2022,Koggenland,Alkmaar,1400
2022,Koggenland,Amstelveen,100
2022,Koggenland,Amsterdam,1100
2022,Koggenland,Bergen (NH.),100
2022,Koggenland,Castricum,100
2022,Koggenland,Den Helder,100
2022,Koggenland,Dijk en Waard,1200
2022,Koggenland,Drechterland,100
2022,Koggenland,Edam-Volendam,200
2022,Koggenland,Enkhuizen,100
2022,Koggenland,Haarlem,100
2022,Koggenland,Haarlemmermeer,200
2022,Koggenland,Hollands Kroon,100
2022,Koggenland,Hoorn,1400
2022,Koggenland,Koggenland,3000
2022,Koggenland,Medemblik,500
2022,Koggenland,Opmeer,300
2022,Koggenland,Purmerend,700
2022,Koggenland,Schagen,200
2022,Koggenland,Velsen,200
2022,Koggenland,Zaanstad,300
2022,Medemblik,'s-Gravenhage,100
2022,Medemblik,Alkmaar,600
2022,Medemblik,Almere,100
2022,Medemblik,Amstelveen,100
2022,Medemblik,Amsterdam,1700
2022,Medemblik,Beverwijk,100
2022,Medemblik,Den Helder,300
2022,Medemblik,Dijk en Waard,700
2022,Medemblik,Drechterland,500
2022,Medemblik,Edam-Volendam,200
2022,Medemblik,Enkhuizen,700
2022,Medemblik,Haarlem,100
2022,Medemblik,Haarlemmermeer,300
2022,Medemblik,Hollands Kroon,700
2022,Medemblik,Hoorn,3800
2022,Medemblik,Koggenland,300
2022,Medemblik,Lelystad,200
2022,Medemblik,Medemblik,8100
2022,Medemblik,Opmeer,500
2022,Medemblik,Purmerend,400
2022,Medemblik,Rotterdam,100
2022,Medemblik,Schagen,200
2022,Medemblik,Stede Broec,500
2022,Medemblik,Utrecht (gem),100
2022,Medemblik,Velsen,100
2022,Medemblik,Westland,100
2022,Medemblik,Zaanstad,400
2022,Opmeer,Alkmaar,400
2022,Opmeer,Amsterdam,500
2022,Opmeer,Den Helder,100
2022,Opmeer,Dijk en Waard,500
2022,Opmeer,Haarlemmermeer,100
2022,Opmeer,Hollands Kroon,200
2022,Opmeer,Hoorn,700
2022,Opmeer,Koggenland,300
2022,Opmeer,Medemblik,600
2022,Opmeer,Opmeer,1600
2022,Opmeer,Purmerend,200
2022,Opmeer,Schagen,100
2022,Opmeer,Velsen,100
2022,Opmeer,Westland,100
2022,Opmeer,Zaanstad,100
2022,Schagen,'s-Gravenhage,200
2022,Schagen,Alkmaar,3000
2022,Schagen,Amstelveen,100
2022,Schagen,Amsterdam,1000
2022,Schagen,Bergen (NH.),900
2022,Schagen,Beverwijk,100
2022,Schagen,Castricum,100
2022,Schagen,Den Helder,1300
2022,Schagen,Dijk en Waard,1900
2022,Schagen,Haarlem,200
2022,Schagen,Haarlemmermeer,400
2022,Schagen,Heemskerk,100
2022,Schagen,Heiloo,100
2022,Schagen,Hollands Kroon,1100
2022,Schagen,Hoorn,400
2022,Schagen,Koggenland,100
2022,Schagen,Medemblik,200
2022,Schagen,Opmeer,200
2022,Schagen,Purmerend,100
2022,Schagen,Rotterdam,100
2022,Schagen,Schagen,9100
2022,Schagen,Utrecht (gem),100
2022,Schagen,Velsen,500
2022,Schagen,Zaanstad,300
2022,Stede Broec,Alkmaar,200
2022,Stede Broec,Almere,100
2022,Stede Broec,Amsterdam,900
2022,Stede Broec,Den Helder,100
2022,Stede Broec,Dijk en Waard,100
2022,Stede Broec,Drechterland,700
2022,Stede Broec,Edam-Volendam,100
2022,Stede Broec,Enkhuizen,1500
2022,Stede Broec,Haarlemmermeer,200
2022,Stede Broec,Hollands Kroon,100
2022,Stede Broec,Hoorn,1500
2022,Stede Broec,Koggenland,100
2022,Stede Broec,Lelystad,100
2022,Stede Broec,Medemblik,1300
2022,Stede Broec,Opmeer,100
2022,Stede Broec,Purmerend,100
2022,Stede Broec,Stede Broec,2500
2022,Stede Broec,Utrecht (gem),100
2022,Stede Broec,Velsen,100
2022,Stede Broec,Zaanstad,200
2022,Texel,Amsterdam,100
2022,Texel,Den Helder,500
2022,Texel,Texel,5000
2022,Uitgeest,'s-Gravenhage,100
2022,Uitgeest,Alkmaar,400
2022,Uitgeest,Amsterdam,1200
2022,Uitgeest,Beverwijk,500
2022,Uitgeest,Castricum,600
2022,Uitgeest,Dijk en Waard,100
2022,Uitgeest,Haarlem,300
2022,Uitgeest,Haarlemmermeer,300
2022,Uitgeest,Heemskerk,500
2022,Uitgeest,Heiloo,100
2022,Uitgeest,Uitgeest,1200
2022,Uitgeest,Utrecht (gem),100
2022,Uitgeest,Velsen,500
2022,Uitgeest,Zaanstad,600
